Workbook

Sheet 26FW 러닝스타일 리스트
A1: 기존품번 | B1: 신규러닝품번 | E1: 품번 | F1: 테마 | I1: 25년 러닝
A2: GF1LJK507 | B2: GF7LJK507 | E2: GF7LJK506 | F2: 가죽 | I2: WBD3L04503 | J2: 러닝
A3: GF1LJK506 | B3: GF7LJK506 | E3: GF8LJP538 | F3: 아르노 | I3: WBD3L04501 | J3: 러닝
A4: WBD3L04503 | B4: GF7LKC503 | E4: GF7LJP536 | F4: 아르노 | I4: WBD3L04505 | J4: 러닝
A5: WBD3L04501 | B5: GF7LKC501 | E5: GF8LCT522 | F5: 아르노 | I5: WBD3L04524 | J5: 러닝
A6: WBE3L04530 | B6: GF7LKC530 | E6: GF7LSH507 | F6: 링클프리 | I6: WBD3L05508 | J6: 러닝
A7: WBD3L04524 | B7: GF7LKC524 | E7: GF3LSH504 | F7: 링클프리 | I7: WBD3L05534 | J7: 러닝
A8: GF1LKC509 | B8: GF7LKC509 | E8: GF7LKC503 | F8: 워셔블 | I8: WBD3L07503 | J8: 러닝
A9: GF1LCT501 | B9: GF7LCT501 | E9: GF7LKC501 | F9: 워셔블 | I9: WBD3L05527 | J9: 러닝
A10: WBE4L10522 | B10: GF8LCT522 | E10: GF7LKC524 | F10: 워셔블 | I10: WBE1L04507 | J10: 러닝
A11: GF1LKP502 | B11: GF7LKP502 | E11: GF8LKC550 | F11: 노르딕,패턴 | I11: WBD3L11502 | J11: 러닝
A12: GF1LKP510 | B12: GF7LKP510 | E12: GF7LKP502 | F12: 워셔블 | I12: WBE2L11505 | J12: 러닝
A13: WBE3L05512 | B13: GF7LKP512 | E13: GF7LKP510 | F13: 워셔블 | I13: WBE1L04506 | J13: 러닝
... A15: GF1LTS505 | B15: GF7LTS505 | E15: GF7LPT501 | F15: 마스터 | I15: WBD4L04550 | J15: 러닝
A16: WBE3L01503 | B16: GF7LTS503 | E16: GF3LJP501 | F16: 가죽
A17: WBE1L13505 | B17: GF7LSK505 | E17: GF3LCT508 | F17: 가죽
A18: WBD3L11502 | B18: GF8LPT502 | E18: GF4LCT509 | F18: 아르노
A19: WBE1L12504 | B19: GF7LHP504 | E19: GF3LJP512 | F19: 셋업
A20: WBE3L09502 | B20: GF7LJK502 | E20: GF3LTS505 | F20: 쫀쫀
A21: WBD3L04505 | B21: GF7LKC505 | E21: GF3LTS506 | F21: 쫀쫀
A22: WBE1L04507 | B22: GF7LKC507 | E22: GF3LTS503 | F22: 쫀쫀
A23: WBE3L05504 | B23: GF7LKP504 | E23: GF3LPT502 | F23: 마스터
A24: WBD3L05527 | B24: GF7LKP527 | E24: GF3LPT501 | F24: 마스터
A25: GF1LPT501 | B25: GF7LPT501 | E25: GF3LPT512 | F25: 셋업
A26: WBE1L03507 | B26: GF7LSH507 | E26: GF3LHP501 | F26: 가죽
A27: WBE3L01502 | B27: GF7LTS502 | E27: GF3LSK504 | F27: 가죽
... A37: SBE3U07006 | B37: GF7UJP006 | E37: GF3LKC515 | F37: 셋업
E38: GF3LKC518 | F38: 셋업
E39: GF3LKC517 | F39: 노르딕,패턴
E40: GF3LKC514 | F40: 노르딕,패턴
E41: GF3LKP521 | F41: 노르딕,패턴
E42: GF3LOP515 | F42: 셋업
E43: GF3LOP503 | F43: 가죽
E44: GF3LPT507 | F44: 마스터
E45: GF3LPT518 | F45: 마스터
E46: GF3LPT510 | F46: 플리스
E47: GF7LHP504 | F47: 마스터
E48: GF3LSK518 | F48: 셋업
E49: GF4LJP523 | F49: 패딩
... E112: GF4UET014 | F112: 플리스

Sheet 종합
C1: ※ 26FW 시즌 판매 현황 | AC1: ※ 25FW 시즌 판매 현황
C3: *26FW 시즌별 / 복종 별 | O3: V- | AC3: *25FW 시즌별 / 복종 별 | AO3: V-
C4: 26FW | D4: 구 분 | G4: 기획현황 | J4: 입고현황 | T4: 판매현황 | AC4: 25FW | AD4: 구 분 | AG4: 기획현황 | AJ4: 입고현황 | AT4: 판매현황
D6: 시즌 | E6: 복종 | G6: M | H6: SKU | I6: 기획량 | J6: M | K6: SKU | L6: 입고량 | M6: 입고율 | N6: 기획원가 | O6: 생산원가 | P6: 원가 비중 | Q6: TAG | R6: 택가비중 | S6: M/U | T6: 누계판매량 | U6: 수량판매율 | V6: 누계판매 TAG | W6: 누계실판매 금액 | X6: 누계판매 원가 | Y6: 할인율 | Z6: 주간판매량 | AA6: 주간 판매금액 | AD6: 시즌 | AE6: 복종 | AG6: M | AH6: SKU | AI6: 기획량 | AJ6: M | AK6: SKU | AL6: 입고량 | AM6: 입고율 | AN6: 기획원가 | AO6: 생산원가 | AP6: 원가 비중 | AQ6: TAG | AR6: 택가비중 | AS6: M/U | AT6: 누계판매량 | AU6: 수량판매율 | AV6: 누계판매 TAG | AW6: 누계실판매 금액 | AX6: 누계판매 원가 | AY6: 할인율 | AZ6: 주간판매량 | BA6: 주간 판매금액
D7: 가을 | E7: OUTER | G7: =+G80 -> 30 | H7: =+H80 -> 68 | I7: =+I80 -> 36884 | J7: =+J80 -> 16 | K7: =+K80 -> 36 | L7: =+L80 -> 19310 | M7: =+M80 -> 0.52353324 | N7: =+N80 -> 1189916600 | O7: =+O80 -> 619704560 | P7: =O7/O$17 -> 0.28137556 | Q7: =+Q80 -> 2548228000 | R7: =Q7/Q$17 -> 0.27567007 | S7: =+S80 -> 3.738186 | T7: =+T80 -> 476 | U7: =+U80 -> 0.02465044 | V7: =+V80 -> 43288000 | W7: =+W80 -> 32708199 | X7: =+X80 -> 11266700 | Y7: =+Y80 -> 0.24440494 | Z7: =+Z80 -> 241 | AA7: =+AA80 -> 15975469 | AD7: 가을 | AE7: OUTER | AG7: =+AG80 -> 31 | AH7: =+AH80 -> 0 | AI7: =+AI80 -> 39698 | AJ7: =+AJ80 -> 11 | AK7: =+AK80 -> 0 | AL7: =+AL80 -> 13104 | AM7: =+AM80 -> 0.3300922 | AN7: =+AN80 -> 1341437000 | AO7: =+AO80 -> 314682400 | AP7: =AO7/AO$17 -> 0.14486744 | AQ7: =+AQ80 -> 1341856000 | AR7: =AQ7/AQ$17 -> 0.14326104 | AS7: =+AS80 -> 3.8765088 | AT7: =+AT80 -> 1448 | AU7: =+AU80 -> 0.11050061 | AV7: =+AV80 -> 96465000 | AW7: =+AW80 -> 57524069 | AX7: =+AX80 -> 23002600 | AY7: =+AY80 -> 0.40367938 | AZ7: =+AZ80 -> 534 | BA7: =+BA80 -> 24190146 | BC7: 카테고리
E8: TOP | G8: =+G93 -> 77 | H8: =+H93 -> 207 | I8: =+I93 -> 139621 | J8: =+J93 -> 31 | K8: =+K93 -> 88 | L8: =+L93 -> 74088 | M8: =+M93 -> 0.53063651 | N8: =+N93 -> 1906122400 | O8: =+O93 -> 1028832620 | P8: =O8/O$17 -> 0.4671393 | Q8: =+Q93 -> 4574966000 | R8: =Q8/Q$17 -> 0.49492479 | S8: =+S93 -> 4.042504 | T8: =+T93 -> 4453 | U8: =+U93 -> 0.0601042 | V8: =+V93 -> 283304000 | W8: =+W93 -> 216326359 | X8: =+X93 -> 66043900 | Y8: =+Y93 -> 0.23641615 | Z8: =+Z93 -> 2413 | AA8: =+AA93 -> 116060393 | AE8: TOP | AG8: =+AG93 -> 79 | AH8: =+AH93 -> 0 | AI8: =+AI93 -> 258957 | AJ8: =+AJ93 -> 49 | AK8: =+AK93 -> 0 | AL8: =+AL93 -> 102765 | AM8: =+AM93 -> 0.39684195 | AN8: =+AN93 -> 3538274700 | AO8: =+AO93 -> 1436245460 | AP8: =AO8/AO$17 -> 0.66119108 | AQ8: =+AQ93 -> 6201852000 | AR8: =AQ8/AQ$17 -> 0.66213051 | AS8: =+AS93 -> 3.9255458 | AT8: =+AT93 -> 13100 | AU8: =+AU93 -> 0.12747531 | AV8: =+AV93 -> 677354000 | AW8: =+AW93 -> 429235459 | AX8: =+AX93 -> 154455000 | AY8: =+AY93 -> 0.36630557 | AZ8: =+AZ93 -> 4998 | BA8: =+BA93 -> 168660293 | BC8: INNER (W/O KNIT) | BD8: TOP
E9: BOTTOM | G9: =+G100 -> 43 | H9: =+H100 -> 101 | I9: =+I100 -> 51314 | J9: =+J100 -> 18 | K9: =+K100 -> 40 | L9: =+L100 -> 20593 | M9: =+M100 -> 0.40131348 | N9: =+N100 -> 779552350 | O9: =+O100 -> 400827400 | P9: =O9/O$17 -> 0.18199484 | Q9: =+Q100 -> 1540871000 | R9: =Q9/Q$17 -> 0.1666931 | S9: =+S100 -> 3.4947507 | T9: =+T100 -> 817 | U9: =+U100 -> 0.039673676 | V9: =+V100 -> 58044000 | W9: =+W100 -> 43530122 | X9: =+X100 -> 14356380 | Y9: =+Y100 -> 0.25004958 | Z9: =+Z100 -> 568 | AA9: =+AA100 -> 29602751 | AE9: BOTTOM | AG9: =+AG100 -> 26 | AH9: =+AH100 -> 0 | AI9: =+AI100 -> 57935 | AJ9: =+AJ100 -> 16 | AK9: =+AK100 -> 0 | AL9: =+AL100 -> 22816 | AM9: =+AM100 -> 0.39382066 | AN9: =+AN100 -> 982174000 | AO9: =+AO100 -> 405821300 | AP9: =AO9/AO$17 -> 0.18682421 | AQ9: =+AQ100 -> 1743584000 | AR9: =AQ9/AQ$17 -> 0.18615087 | AS9: =+AS100 -> 3.9058481 | AT9: =+AT100 -> 2438 | AU9: =+AU100 -> 0.10685484 | AV9: =+AV100 -> 185542000 | AW9: =+AW100 -> 103357945 | AX9: =+AX100 -> 42867700 | AY9: =+AY100 -> 0.44294044 | AZ9: =+AZ100 -> 1186 | BA9: =+BA100 -> 45250874 | BC9: KNIT | BD9: TOP
E10: ACC | G10: =+G107 -> 21 | H10: =+H107 -> 48 | I10: =+I107 -> 15407 | J10: =+J107 -> 7 | K10: =+K107 -> 13 | L10: =+L107 -> 9020 | M10: =+M107 -> 0.58544817 | N10: =+N107 -> 44030000 | O10: =+O107 -> 43574200 | P10: =O10/O$17 -> 0.019784774 | Q10: =+Q107 -> 115151000 | R10: =Q10/Q$17 -> 0.01245716 | S10: =+S107 -> 2.4024016 | T10: =+T107 -> 284 | U10: =+U107 -> 0.031485588 | V10: =+V107 -> 2328208 | W10: =+W107 -> 1773804 | X10: =+X107 -> 1274600 | Y10: =+Y107 -> 0.23812477 | Z10: =+Z107 -> 193 | AA10: =+AA107 -> 1659800 | AE10: ACC | AG10: =+AG107 -> 14 | AH10: =+AH107 -> 0 | AI10: =+AI107 -> 8803 | AJ10: =+AJ107 -> 5 | AK10: =+AK107 -> 0 | AL10: =+AL107 -> 2646 | AM10: =+AM107 -> 0.30057935 | AN10: =+AN107 -> 97421425 | AO10: =+AO107 -> 15460200 | AP10: =AO10/AO$17 -> 0.0071172698 | AQ10: =+AQ107 -> 79218000 | AR10: =AQ10/AQ$17 -> 0.0084575792 | AS10: =+AS107 -> 4.658178 | AT10: =+AT107 -> 16 | AU10: =+AU107 -> 0.0060468632 | AV10: =+AV107 -> 432000 | AW10: =+AW107 -> 556920 | AX10: =+AX107 -> 88000 | AY10: =+AY107 -> -0.28916667 | AZ10: =+AZ107 -> 16 | BA10: =+BA107 -> 556920 | BC10: OUTER | BD10: OUTER
E11: TTL | G11: =+G109 -> 171 | H11: =+H109 -> 424 | I11: =+I109 -> 243226 | J11: =+J109 -> 72 | K11: =+K109 -> 177 | L11: =+L109 -> 123011 | M11: =+M109 -> 0.50574774 | N11: =+N109 -> 3919621350 | O11: =+O109 -> 2092938780 | P11: =O11/O$17 -> 0.95029447 | Q11: =+Q109 -> 8779216000 | R11: =Q11/Q$17 -> 0.94974513 | S11: =+S109 -> 3.8133487 | T11: =+T109 -> 6030 | U11: =+U109 -> 0.049020006 | V11: =+V109 -> 386964208 | W11: =+W109 -> 294338484 | X11: =+X109 -> 92941580 | Y11: =+Y109 -> 0.23936509 | Z11: =+Z109 -> 3415 | AA11: =+AA109 -> 163298413 | AE11: TTL | AG11: =+AG109 -> 150 | AH11: =+AH109 -> 0 | AI11: =+AI109 -> 365393 | AJ11: =+AJ109 -> 81 | AK11: =+AK109 -> 0 | AL11: =+AL109 -> 141331 | AM11: =+AM109 -> 0.38679176 | AN11: =+AN109 -> 5959307125 | AO11: =+AO109 -> 2172209360 | AP11: =AO11/AO$17 -> 1 | AQ11: =+AQ109 -> 9366510000 | AR11: =AQ11/AQ$17 -> 1 | AS11: =+AS109 -> 3.9199762 | AT11: =+AT109 -> 17002 | AU11: =+AU109 -> 0.12029916 | AV11: =+AV109 -> 959793000 | AW11: =+AW109 -> 590674393 | AX11: =+AX109 -> 220413300 | AY11: =+AY109 -> 0.38458147 | AZ11: =+AZ109 -> 6734 | BA11: =+BA109 -> 238658233 | BC11: BOTTOM | BD11: BOTTOM
D12: 겨울 | E12: OUTER | G12: =+G121 -> 17 | H12: =+H121 -> 32 | I12: =+I121 -> 22616 | J12: =+J121 -> 2 | K12: =+K121 -> 3 | L12: =+L121 -> 2696 | M12: =+M121 -> 0.11920764 | N12: =+N121 -> 688285000 | O12: =+O121 -> 109472000 | P12: =O12/O$17 -> 0.049705532 | Q12: =+Q121 -> 464544000 | R12: =Q12/Q$17 -> 0.050254875 | S12: =+S121 -> 3.8577237 | T12: =+T121 -> 0 | U12: =+U121 -> 0 | V12: =+V121 -> 0 | W12: =+W121 -> 0 | X12: =+X121 -> 0 | Y12: =+Y121 | Z12: =+Z121 -> 0 | AA12: =+AA121 -> 0 | AD12: 겨울 | AE12: OUTER | AG12: =+AG121 -> 22 | AH12: =+AH121 -> 0 | AI12: =+AI121 -> 34532 | AJ12: =+AJ121 -> 2 | AK12: =+AK121 -> 3 | AL12: =+AL121 -> 0 | AM12: =+AM121 -> 0 | AN12: =+AN121 -> 1556000100 | AO12: =+AO121 -> 0 | AP12: =AO12/AO$17 -> 0 | AQ12: =+AQ121 -> 0 | AR12: =AQ12/AQ$17 -> 0 | AS12: =+AS121 | AT12: =+AT121 -> 0 | AU12: =+AU121 | AV12: =+AV121 -> 0 | AW12: =+AW121 -> 0 | AX12: =+AX121 -> 0 | AY12: =+AY121 | AZ12: =+AZ121 -> 0 | BA12: =+BA121 -> 0 | BC12: SHOES | BD12: ACC
E13: TOP | G13: =+G134 -> 22 | H13: =+H134 -> 52 | I13: =+I134 -> 10116 | J13: =+J134 -> 0 | K13: =+K134 -> 0 | L13: =+L134 -> 0 | M13: =+M134 -> 0 | N13: =+N134 -> 0 | O13: =+O134 -> 0 | P13: =O13/O$17 -> 0 | Q13: =+Q134 -> 0 | R13: =Q13/Q$17 -> 0 | S13: =+S134 | T13: =+T134 -> 0 | U13: =+U134 | V13: =+V134 -> 0 | W13: =+W134 -> 0 | X13: =+X134 -> 0 | Y13: =+Y134 | Z13: =+Z134 -> 0 | AA13: =+AA134 -> 0 | AE13: TOP | AG13: =+AG134 -> 55 | AH13: =+AH134 -> 0 | AI13: =+AI134 -> 110724 | AJ13: =+AJ134 -> 0 | AK13: =+AK134 -> 0 | AL13: =+AL134 -> 0 | AM13: =+AM134 -> 0 | AN13: =+AN134 -> 1745202400 | AO13: =+AO134 -> 0 | AP13: =AO13/AO$17 -> 0 | AQ13: =+AQ134 -> 0 | AR13: =AQ13/AQ$17 -> 0 | AS13: =+AS134 | AT13: =+AT134 -> 0 | AU13: =+AU134 | AV13: =+AV134 -> 0 | AW13: =+AW134 -> 0 | AX13: =+AX134 -> 0 | AY13: =+AY134 | AZ13: =+AZ134 -> 0 | BA13: =+BA134 -> 0 | BC13: ACC | BD13: ACC
E14: BOTTOM | G14: =+G141 -> 2 | H14: =+H141 -> 4 | I14: =+I141 -> 402 | J14: =+J141 -> 0 | K14: =+K141 -> 0 | L14: =+L141 -> 0 | M14: =+M141 -> 0 | N14: =+N141 -> 0 | O14: =+O141 -> 0 | P14: =O14/O$17 -> 0 | Q14: =+Q141 -> 0 | R14: =Q14/Q$17 -> 0 | S14: =+S141 | T14: =+T141 -> 0 | U14: =+U141 | V14: =+V141 -> 0 | W14: =+W141 -> 0 | X14: =+X141 -> 0 | Y14: =+Y141 | Z14: =+Z141 -> 0 | AA14: =+AA141 -> 0 | AE14: BOTTOM | AG14: =+AG141 -> 19 | AH14: =+AH141 -> 0 | AI14: =+AI141 -> 21390 | AJ14: =+AJ141 -> 0 | AK14: =+AK141 -> 0 | AL14: =+AL141 -> 0 | AM14: =+AM141 -> 0 | AN14: =+AN141 -> 389125500 | AO14: =+AO141 -> 0 | AP14: =AO14/AO$17 -> 0 | AQ14: =+AQ141 -> 0 | AR14: =AQ14/AQ$17 -> 0 | AS14: =+AS141 | AT14: =+AT141 -> 0 | AU14: =+AU141 | AV14: =+AV141 -> 0 | AW14: =+AW141 -> 0 | AX14: =+AX141 -> 0 | AY14: =+AY141 | AZ14: =+AZ141 -> 0 | BA14: =+BA141 -> 0 | BC14: 기타 | BD14: ACC
E15: ACC | G15: =+G148 -> 14 | H15: =+H148 -> 26 | I15: =+I148 -> 6956 | J15: =+J148 -> 0 | K15: =+K148 -> 0 | L15: =+L148 -> 0 | M15: =+M148 -> 0 | N15: =+N148 -> 0 | O15: =+O148 -> 0 | P15: =O15/O$17 -> 0 | Q15: =+Q148 -> 0 | R15: =Q15/Q$17 -> 0 | S15: =+S148 | T15: =+T148 -> 0 | U15: =+U148 | V15: =+V148 -> 0 | W15: =+W148 -> 0 | X15: =+X148 -> 0 | Y15: =+Y148 | Z15: =+Z148 -> 0 | AA15: =+AA148 -> 0 | AE15: ACC | AG15: =+AG148 -> 26 | AH15: =+AH148 -> 0 | AI15: =+AI148 -> 16259 | AJ15: =+AJ148 -> 0 | AK15: =+AK148 -> 0 | AL15: =+AL148 -> 0 | AM15: =+AM148 -> 0 | AN15: =+AN148 -> 148207081 | AO15: =+AO148 -> 0 | AP15: =AO15/AO$17 -> 0 | AQ15: =+AQ148 -> 0 | AR15: =AQ15/AQ$17 -> 0 | AS15: =+AS148 | AT15: =+AT148 -> 0 | AU15: =+AU148 | AV15: =+AV148 -> 0 | AW15: =+AW148 -> 0 | AX15: =+AX148 -> 0 | AY15: =+AY148 | AZ15: =+AZ148 -> 0 | BA15: =+BA148 -> 0
E16: TTL | G16: =+G150 -> 55 | H16: =+H150 -> 114 | I16: =+I150 -> 40090 | J16: =+J150 -> 2 | K16: =+K150 -> 3 | L16: =+L150 -> 2696 | M16: =+M150 -> 0.06724869 | N16: =+N150 -> 688285000 | O16: =+O150 -> 109472000 | P16: =O16/O$17 -> 0.049705532 | Q16: =+Q150 -> 464544000 | R16: =Q16/Q$17 -> 0.050254875 | S16: =+S150 -> 3.8577237 | T16: =+T150 -> 0 | U16: =+U150 -> 0 | V16: =+V150 -> 0 | W16: =+W150 -> 0 | X16: =+X150 -> 0 | Y16: =+Y150 | Z16: =+Z150 -> 0 | AA16: =+AA150 -> 0 | AE16: TTL | AG16: =+AG150 -> 122 | AH16: =+AH150 -> 0 | AI16: =+AI150 -> 182905 | AJ16: =+AJ150 -> 2 | AK16: =+AK150 -> 3 | AL16: =+AL150 -> 0 | AM16: =+AM150 -> 0 | AN16: =+AN150 -> 3838535081 | AO16: =+AO150 -> 0 | AP16: =AO16/AO$17 -> 0 | AQ16: =+AQ150 -> 0 | AR16: =AQ16/AQ$17 -> 0 | AS16: =+AS150 | AT16: =+AT150 -> 0 | AU16: =+AU150 | AV16: =+AV150 -> 0 | AW16: =+AW150 -> 0 | AX16: =+AX150 -> 0 | AY16: =+AY150 | AZ16: =+AZ150 -> 0 | BA16: =+BA150 -> 0
C17: TTL | G17: =G66 -> 226 | H17: =H66 -> 538 | I17: =I66 -> 283316 | J17: =J66 -> 74 | K17: =K66 -> 180 | L17: =L66 -> 125707 | M17: =M66 -> 0.44369891 | N17: =N66 -> 4607906350 | O17: =O66 -> 2202410780 | P17: =O17/O$17 -> 1 | Q17: =Q66 -> 9243760000 | R17: =Q17/Q$17 -> 1 | S17: =S66 -> 3.8155544 | T17: =T66 -> 6030 | U17: =U66 -> 0.047968689 | V17: =V66 -> 386964208 | W17: =W66 -> 294338484 | X17: =X66 -> 92941580 | Y17: =Y66 -> 0.23936509 | Z17: =Z66 -> 3415 | AA17: =AA66 -> 163298413 | AC17: TTL | AG17: =AG66 -> 289 | AH17: =AH66 -> 0 | AI17: =AI66 -> 575258 | AJ17: =AJ66 -> 83 | AK17: =AK66 -> 3 | AL17: =AL66 -> 141331 | AM17: =AM66 -> 0.24568281 | AN17: =AN66 -> 10178448706 | AO17: =AO66 -> 2172209360 | AP17: =AO17/AO$17 -> 1 | AQ17: =AQ66 -> 9366510000 | AR17: =AQ17/AQ$17 -> 1 | AS17: =AS66 -> 3.9199762 | AT17: =AT66 -> 17002 | AU17: =AU66 -> 0.12029916 | AV17: =AV66 -> 959793000 | AW17: =AW66 -> 590674393 | AX17: =AX66 -> 220413300 | AY17: =AY66 -> 0.38458147 | AZ17: =AZ66 -> 6734 | BA17: =BA66 -> 238658233
C18: 러닝 | E18: OUTER | G18: =J18 -> 9 | J18: =BH37 -> 9 | L18: =BM37 -> 29282 | O18: =BP37 -> 1125334070 | Q18: =BR37 -> 4833065000 | S18: =IFERROR(Q18/O18/1.1,"") -> 3.9043477 | T18: =BU37 -> 1721 | U18: =IFERROR(T18/L18,"") -> 0.058773308 | V18: =BW37 -> 85558000 | W18: =BX37 -> 68696304 | X18: =BY37 -> 23220250 | Y18: =IFERROR(1-(W18/V18),"") -> 0.19707913 | Z18: =CA37 -> 1211 | AA18: =CB37 -> 48958180 | AC18: 러닝 | AE18: OUTER | AG18: =AJ18 -> 1 | AJ18: =COUNTIFS('전년비교BACK(전년8.1~동시점,생판재)'!$F$4:$F$5000,종합!$BC10,'전년비교BACK(전년8.1~동시점,생판재)'!$BR$4:$BR$5000,종합!$AC$18) -> 1 | AL18: =SUMIFS('전년비교BACK(전년8.1~동시점,생판재)'!$AP$4:$AP$5000,'전년비교BACK(전년8.1~동시점,생판재)'!$F$4:$F$5000,종합!$BC$10,'전년비교BACK(전년8.1~동시점,생판재)'!$BR$4:$BR$5000,종합!$C$18) -> 1651 | AS18: =IFERROR(AQ18/AO18/1.1,"") | AT18: =SUMIFS('전년비교BACK(전년8.1~동시점,생판재)'!$BG$4:$BG$5000,'전년비교BACK(전년8.1~동시점,생판재)'!$F$4:$F$5000,종합!$BC$10,'전년비교BACK(전년8.1~동시점,생판재)'!$BR$4:$BR$5000,종합!$C$18)- SUMIFS('시점재고(~25.07.31, 생판재)'!$BG$4:$BG$5000,'시점재고(~25.07.31, 생판재)'!$F$4:$F$5000,종합!$BC$10,'시점재고(~25.07.31, 생판재)'!$BR$4:$BR$5000,종합!$C$18) -> 13 | AU18: =IFERROR(AT18/AL18,"") -> 0.0078740157 | AV18: =SUMIFS('전년비교BACK(전년8.1~동시점,생판재)'!$BH$4:$BH$5000,'전년비교BACK(전년8.1~동시점,생판재)'!$F$4:$F$5000,종합!$BC$10,'전년비교BACK(전년8.1~동시점,생판재)'!$BR$4:$BR$5000,종합!$C$18)- SUMIFS('시점재고(~25.07.31, 생판재)'!$BH$4:$BH$5000,'시점재고(~25.07.31, 생판재)'!$F$4:$F$5000,종합!$BC$10,'시점재고(~25.07.31, 생판재)'!$BR$4:$BR$5000,종합!$C$18) -> 1287000 | AW18: =SUMIFS('전년비교BACK(전년8.1~동시점,생판재)'!$BI$4:$BI$5000,'전년비교BACK(전년8.1~동시점,생판재)'!$F$4:$F$5000,종합!$BC$10,'전년비교BACK(전년8.1~동시점,생판재)'!$BR$4:$BR$5000,종합!$C$18)- SUMIFS('시점재고(~25.07.31, 생판재)'!$BI$4:$BI$5000,'시점재고(~25.07.31, 생판재)'!$F$4:$F$5000,종합!$BC$10,'시점재고(~25.07.31, 생판재)'!$BR$4:$BR$5000,종합!$C$18) -> 767065 | AY18: =IFERROR(1-(AW18/AV18),"") -> 0.4039899 | AZ18: =SUMIFS('전년비교BACK(전년8.1~동시점,생판재)'!$BC$4:$BC$5000,'전년비교BACK(전년8.1~동시점,생판재)'!$F$4:$F$5000,종합!$BC$10,'전년비교BACK(전년8.1~동시점,생판재)'!$BR$4:$BR$5000,종합!$C$18) -> 5 | BA18: =SUMIFS('전년비교BACK(전년8.1~동시점,생판재)'!$BE$4:$BE$5000,'전년비교BACK(전년8.1~동시점,생판재)'!$F$4:$F$5000,종합!$BC$10,'전년비교BACK(전년8.1~동시점,생판재)'!$BR$4:$BR$5000,종합!$C$18) -> 331810
E19: TOP | G19: =J19 -> 19 | J19: =BH50 -> 19 | L19: =BM50 -> 124868 | O19: =BP50 -> 1839254880 | Q19: =BR50 -> 8362760000 | S19: =IFERROR(Q19/O19/1.1,"") -> 4.1334723 | T19: =BU50 -> 4378 | U19: =IFERROR(T19/L19,"") -> 0.035061024 | V19: =BW50 -> 282673000 | W19: =BX50 -> 172120770 | X19: =BY50 -> 59898580 | Y19: =IFERROR(1-(W19/V19),"") -> 0.39109582 | Z19: =CA50 -> 2125 | AA19: =CB50 -> 85153996 | AE19: TOP | AG19: =AJ19 -> 10 | AJ19: =COUNTIFS('전년비교BACK(전년8.1~동시점,생판재)'!$F$4:$F$5000,종합!$BC8,'전년비교BACK(전년8.1~동시점,생판재)'!$BR$4:$BR$5000,종합!$AC$18)+COUNTIFS('전년비교BACK(전년8.1~동시점,생판재)'!$F$4:$F$5000,종합!$BC9,'전년비교BACK(전년8.1~동시점,생판재)'!$BR$4:$BR$5000,종합!$AC$18) -> 10 | AL19: =SUMIFS('전년비교BACK(전년8.1~동시점,생판재)'!$AP$4:$AP$5000,'전년비교BACK(전년8.1~동시점,생판재)'!$F$4:$F$5000,종합!$BC$9,'전년비교BACK(전년8.1~동시점,생판재)'!$BR$4:$BR$5000,종합!$C$18)+ SUMIFS('전년비교BACK(전년8.1~동시점,생판재)'!$AP$4:$AP$5000,'전년비교BACK(전년8.1~동시점,생판재)'!$F$4:$F$5000,종합!$BC$8,'전년비교BACK(전년8.1~동시점,생판재)'!$BR$4:$BR$5000,종합!$C$18) -> 443495 | AS19: =IFERROR(AQ19/AO19/1.1,"") | AT19: =SUMIFS('전년비교BACK(전년8.1~동시점,생판재)'!$BG$4:$BG$5000,'전년비교BACK(전년8.1~동시점,생판재)'!$F$4:$F$5000,종합!$BC$9,'전년비교BACK(전년8.1~동시점,생판재)'!$BR$4:$BR$5000,종합!$C$18)+ SUMIFS('전년비교BACK(전년8.1~동시점,생판재)'!$BG$4:$BG$5000,'전년비교BACK(전년8.1~동시점,생판재)'!$F$4:$F$5000,종합!$BC$8,'전년비교BACK(전년8.1~동시점,생판재)'!$BR$4:$BR$5000,종합!$C$18)-( SUMIFS('시점재고(~25.07.31, 생판재)'!$BG$4:$BG$5000,'시점재고(~25.07.31, 생판재)'!$F$4:$F$5000,종합!$BC$9,'시점재고(~25.07.31, 생판재)'!$BR$4:$BR$5000,종합!$C$18)+ SUMIFS('시점재고(~25.07.31, 생판재)'!$BG$4:$BG$5000,'시점재고(~25.07.31, 생판재)'!$F$4:$F$5000,종합!$BC$8,'시점재고(~25.07.31, 생판재)'!$BR$4:$BR$5000,종합!$C$18)) -> 9845 | AU19: =IFERROR(AT19/AL19,"") -> 0.022198672 | AV19: =SUMIFS('전년비교BACK(전년8.1~동시점,생판재)'!$BH$4:$BH$5000,'전년비교BACK(전년8.1~동시점,생판재)'!$F$4:$F$5000,종합!$BC$9,'전년비교BACK(전년8.1~동시점,생판재)'!$BR$4:$BR$5000,종합!$C$18)+ SUMIFS('전년비교BACK(전년8.1~동시점,생판재)'!$BH$4:$BH$5000,'전년비교BACK(전년8.1~동시점,생판재)'!$F$4:$F$5000,종합!$BC$8,'전년비교BACK(전년8.1~동시점,생판재)'!$BR$4:$BR$5000,종합!$C$18)-( SUMIFS('시점재고(~25.07.31, 생판재)'!$BH$4:$BH$5000,'시점재고(~25.07.31, 생판재)'!$F$4:$F$5000,종합!$BC$9,'시점재고(~25.07.31, 생판재)'!$BR$4:$BR$5000,종합!$C$18)+ SUMIFS('시점재고(~25.07.31, 생판재)'!$BH$4:$BH$5000,'시점재고(~25.07.31, 생판재)'!$F$4:$F$5000,종합!$BC$8,'시점재고(~25.07.31, 생판재)'!$BR$4:$BR$5000,종합!$C$18)) -> 774041000 | AW19: =SUMIFS('전년비교BACK(전년8.1~동시점,생판재)'!$BI$4:$BI$5000,'전년비교BACK(전년8.1~동시점,생판재)'!$F$4:$F$5000,종합!$BC$9,'전년비교BACK(전년8.1~동시점,생판재)'!$BR$4:$BR$5000,종합!$C$18)+ SUMIFS('전년비교BACK(전년8.1~동시점,생판재)'!$BI$4:$BI$5000,'전년비교BACK(전년8.1~동시점,생판재)'!$F$4:$F$5000,종합!$BC$8,'전년비교BACK(전년8.1~동시점,생판재)'!$BR$4:$BR$5000,종합!$C$18)-( SUMIFS('시점재고(~25.07.31, 생판재)'!$BI$4:$BI$5000,'시점재고(~25.07.31, 생판재)'!$F$4:$F$5000,종합!$BC$9,'시점재고(~25.07.31, 생판재)'!$BR$4:$BR$5000,종합!$C$18)+ SUMIFS('시점재고(~25.07.31, 생판재)'!$BI$4:$BI$5000,'시점재고(~25.07.31, 생판재)'!$F$4:$F$5000,종합!$BC$8,'시점재고(~25.07.31, 생판재)'!$BR$4:$BR$5000,종합!$C$18)) -> 365612555 | AY19: =IFERROR(1-(AW19/AV19),"") -> 0.52765738 | AZ19: =SUMIFS('전년비교BACK(전년8.1~동시점,생판재)'!$BC$4:$BC$5000,'전년비교BACK(전년8.1~동시점,생판재)'!$F$4:$F$5000,종합!$BC$9,'전년비교BACK(전년8.1~동시점,생판재)'!$BR$4:$BR$5000,종합!$C$18)+ SUMIFS('전년비교BACK(전년8.1~동시점,생판재)'!$BC$4:$BC$5000,'전년비교BACK(전년8.1~동시점,생판재)'!$F$4:$F$5000,종합!$BC$8,'전년비교BACK(전년8.1~동시점,생판재)'!$BR$4:$BR$5000,종합!$C$18) -> 4179 | BA19: =SUMIFS('전년비교BACK(전년8.1~동시점,생판재)'!$BE$4:$BE$5000,'전년비교BACK(전년8.1~동시점,생판재)'!$F$4:$F$5000,종합!$BC$9,'전년비교BACK(전년8.1~동시점,생판재)'!$BR$4:$BR$5000,종합!$C$18)+ SUMIFS('전년비교BACK(전년8.1~동시점,생판재)'!$BE$4:$BE$5000,'전년비교BACK(전년8.1~동시점,생판재)'!$F$4:$F$5000,종합!$BC$8,'전년비교BACK(전년8.1~동시점,생판재)'!$BR$4:$BR$5000,종합!$C$18) -> 159940419
E20: BOTTOM | G20: =J20 -> 8 | J20: =BH57 -> 8 | L20: =BM57 -> 5435 | O20: =BP57 -> 98885900 | Q20: =BR57 -> 398751000 | S20: =IFERROR(Q20/O20/1.1,"") -> 3.6658503 | T20: =BU57 -> 190 | U20: =IFERROR(T20/L20,"") -> 0.034958602 | V20: =BW57 -> 13848000 | W20: =BX57 -> 9749230 | X20: =BY57 -> 3365800 | Y20: =IFERROR(1-(W20/V20),"") -> 0.29598281 | Z20: =CA57 -> 96 | AA20: =CB57 -> 5006700 | AE20: BOTTOM | AG20: =AJ20 -> 3 | AJ20: =COUNTIFS('전년비교BACK(전년8.1~동시점,생판재)'!$F$4:$F$5000,종합!$BC11,'전년비교BACK(전년8.1~동시점,생판재)'!$BR$4:$BR$5000,종합!$AC$18) -> 3 | AL20: =SUMIFS('전년비교BACK(전년8.1~동시점,생판재)'!$AP$4:$AP$5000,'전년비교BACK(전년8.1~동시점,생판재)'!$F$4:$F$5000,종합!$BC$11,'전년비교BACK(전년8.1~동시점,생판재)'!$BR$4:$BR$5000,종합!$C$18) -> 28619 | AS20: =IFERROR(AQ20/AO20/1.1,"") | AT20: =SUMIFS('전년비교BACK(전년8.1~동시점,생판재)'!$BG$4:$BG$5000,'전년비교BACK(전년8.1~동시점,생판재)'!$F$4:$F$5000,종합!$BC$11,'전년비교BACK(전년8.1~동시점,생판재)'!$BR$4:$BR$5000,종합!$C$18)- SUMIFS('시점재고(~25.07.31, 생판재)'!$BG$4:$BG$5000,'시점재고(~25.07.31, 생판재)'!$F$4:$F$5000,종합!$BC$11,'시점재고(~25.07.31, 생판재)'!$BR$4:$BR$5000,종합!$C$18) -> 2140 | AU20: =IFERROR(AT20/AL20,"") -> 0.074775499 | AV20: =SUMIFS('전년비교BACK(전년8.1~동시점,생판재)'!$BH$4:$BH$5000,'전년비교BACK(전년8.1~동시점,생판재)'!$F$4:$F$5000,종합!$BC$11,'전년비교BACK(전년8.1~동시점,생판재)'!$BR$4:$BR$5000,종합!$C$18)- SUMIFS('시점재고(~25.07.31, 생판재)'!$BH$4:$BH$5000,'시점재고(~25.07.31, 생판재)'!$F$4:$F$5000,종합!$BC$11,'시점재고(~25.07.31, 생판재)'!$BR$4:$BR$5000,종합!$C$18) -> 129802000 | AW20: =SUMIFS('전년비교BACK(전년8.1~동시점,생판재)'!$BI$4:$BI$5000,'전년비교BACK(전년8.1~동시점,생판재)'!$F$4:$F$5000,종합!$BC$11,'전년비교BACK(전년8.1~동시점,생판재)'!$BR$4:$BR$5000,종합!$C$18)- SUMIFS('시점재고(~25.07.31, 생판재)'!$BI$4:$BI$5000,'시점재고(~25.07.31, 생판재)'!$F$4:$F$5000,종합!$BC$11,'시점재고(~25.07.31, 생판재)'!$BR$4:$BR$5000,종합!$C$18) -> 73239882 | AY20: =IFERROR(1-(AW20/AV20),"") -> 0.43575691 | AZ20: =SUMIFS('전년비교BACK(전년8.1~동시점,생판재)'!$BC$4:$BC$5000,'전년비교BACK(전년8.1~동시점,생판재)'!$F$4:$F$5000,종합!$BC$11,'전년비교BACK(전년8.1~동시점,생판재)'!$BR$4:$BR$5000,종합!$C$18) -> 361 | BA20: =SUMIFS('전년비교BACK(전년8.1~동시점,생판재)'!$BE$4:$BE$5000,'전년비교BACK(전년8.1~동시점,생판재)'!$F$4:$F$5000,종합!$BC$11,'전년비교BACK(전년8.1~동시점,생판재)'!$BR$4:$BR$5000,종합!$C$18) -> 12900719
E21: ACC | G21: =J21 -> 0 | J21: =BH64 -> 0 | L21: =BM64 -> 0 | O21: =BP64 -> 0 | Q21: =BR64 -> 0 | S21: =IFERROR(Q21/O21/1.1,"") | T21: =BU64 -> 0 | U21: =IFERROR(T21/L21,"") | V21: =BW64 -> 0 | W21: =BX64 -> 0 | X21: =BY64 -> 0 | Y21: =IFERROR(1-(W21/V21),"") | Z21: =CA64 -> 0 | AA21: =CB64 -> 0 | AE21: ACC | AG21: =AJ21 -> 0 | AJ21: =COUNTIFS('전년비교BACK(전년8.1~동시점,생판재)'!$F$4:$F$5000,종합!$BC13,'전년비교BACK(전년8.1~동시점,생판재)'!$BR$4:$BR$5000,종합!$AC$18)+ COUNTIFS('전년비교BACK(전년8.1~동시점,생판재)'!$F$4:$F$5000,종합!$BC14,'전년비교BACK(전년8.1~동시점,생판재)'!$BR$4:$BR$5000,종합!$AC$18)+ COUNTIFS('전년비교BACK(전년8.1~동시점,생판재)'!$F$4:$F$5000,종합!$BC12,'전년비교BACK(전년8.1~동시점,생판재)'!$BR$4:$BR$5000,종합!$AC$18) -> 0 | AL21: =SUMIFS('전년비교BACK(전년8.1~동시점,생판재)'!$AP$4:$AP$5000,'전년비교BACK(전년8.1~동시점,생판재)'!$F$4:$F$5000,종합!$BC$13,'전년비교BACK(전년8.1~동시점,생판재)'!$BR$4:$BR$5000,종합!$C$18)+ SUMIFS('전년비교BACK(전년8.1~동시점,생판재)'!$AP$4:$AP$5000,'전년비교BACK(전년8.1~동시점,생판재)'!$F$4:$F$5000,종합!$BC$14,'전년비교BACK(전년8.1~동시점,생판재)'!$BR$4:$BR$5000,종합!$C$18)+ SUMIFS('전년비교BACK(전년8.1~동시점,생판재)'!$AP$4:$AP$5000,'전년비교BACK(전년8.1~동시점,생판재)'!$F$4:$F$5000,종합!$BC$12,'전년비교BACK(전년8.1~동시점,생판재)'!$BR$4:$BR$5000,종합!$C$18) -> 0 | AS21: =IFERROR(AQ21/AO21/1.1,"") | AT21: =SUMIFS('전년비교BACK(전년8.1~동시점,생판재)'!$BG$4:$BG$5000,'전년비교BACK(전년8.1~동시점,생판재)'!$F$4:$F$5000,종합!$BC$13,'전년비교BACK(전년8.1~동시점,생판재)'!$BR$4:$BR$5000,종합!$C$18)+ SUMIFS('전년비교BACK(전년8.1~동시점,생판재)'!$BG$4:$BG$5000,'전년비교BACK(전년8.1~동시점,생판재)'!$F$4:$F$5000,종합!$BC$14,'전년비교BACK(전년8.1~동시점,생판재)'!$BR$4:$BR$5000,종합!$C$18)+ SUMIFS('전년비교BACK(전년8.1~동시점,생판재)'!$BG$4:$BG$5000,'전년비교BACK(전년8.1~동시점,생판재)'!$F$4:$F$5000,종합!$BC$12,'전년비교BACK(전년8.1~동시점,생판재)'!$BR$4:$BR$5000,종합!$C$18)-( SUMIFS('시점재고(~25.07.31, 생판재)'!$BG$4:$BG$5000,'시점재고(~25.07.31, 생판재)'!$F$4:$F$5000,종합!$BC$13,'시점재고(~25.07.31, 생판재)'!$BR$4:$BR$5000,종합!$C$18)+ SUMIFS('시점재고(~25.07.31, 생판재)'!$BG$4:$BG$5000,'시점재고(~25.07.31, 생판재)'!$F$4:$F$5000,종합!$BC$14,'시점재고(~25.07.31, 생판재)'!$BR$4:$BR$5000,종합!$C$18)+ SUMIFS('시점재고(~25.07.31, 생판재)'!$BG$4:$BG$5000,'시점재고(~25.07.31, 생판재)'!$F$4:$F$5000,종합!$BC$12,'시점재고(~25.07.31, 생판재)'!$BR$4:$BR$5000,종합!$C$18)) -> 0 | AU21: =IFERROR(AT21/AL21,"") | AV21: =SUMIFS('전년비교BACK(전년8.1~동시점,생판재)'!$BH$4:$BH$5000,'전년비교BACK(전년8.1~동시점,생판재)'!$F$4:$F$5000,종합!$BC$13,'전년비교BACK(전년8.1~동시점,생판재)'!$BR$4:$BR$5000,종합!$C$18)+ SUMIFS('전년비교BACK(전년8.1~동시점,생판재)'!$BH$4:$BH$5000,'전년비교BACK(전년8.1~동시점,생판재)'!$F$4:$F$5000,종합!$BC$14,'전년비교BACK(전년8.1~동시점,생판재)'!$BR$4:$BR$5000,종합!$C$18)+ SUMIFS('전년비교BACK(전년8.1~동시점,생판재)'!$BH$4:$BH$5000,'전년비교BACK(전년8.1~동시점,생판재)'!$F$4:$F$5000,종합!$BC$12,'전년비교BACK(전년8.1~동시점,생판재)'!$BR$4:$BR$5000,종합!$C$18)-( SUMIFS('시점재고(~25.07.31, 생판재)'!$BH$4:$BH$5000,'시점재고(~25.07.31, 생판재)'!$F$4:$F$5000,종합!$BC$13,'시점재고(~25.07.31, 생판재)'!$BR$4:$BR$5000,종합!$C$18)+ SUMIFS('시점재고(~25.07.31, 생판재)'!$BH$4:$BH$5000,'시점재고(~25.07.31, 생판재)'!$F$4:$F$5000,종합!$BC$14,'시점재고(~25.07.31, 생판재)'!$BR$4:$BR$5000,종합!$C$18)+ SUMIFS('시점재고(~25.07.31, 생판재)'!$BH$4:$BH$5000,'시점재고(~25.07.31, 생판재)'!$F$4:$F$5000,종합!$BC$12,'시점재고(~25.07.31, 생판재)'!$BR$4:$BR$5000,종합!$C$18)) -> 0 | AW21: =SUMIFS('전년비교BACK(전년8.1~동시점,생판재)'!$BI$4:$BI$5000,'전년비교BACK(전년8.1~동시점,생판재)'!$F$4:$F$5000,종합!$BC$13,'전년비교BACK(전년8.1~동시점,생판재)'!$BR$4:$BR$5000,종합!$C$18)+ SUMIFS('전년비교BACK(전년8.1~동시점,생판재)'!$BI$4:$BI$5000,'전년비교BACK(전년8.1~동시점,생판재)'!$F$4:$F$5000,종합!$BC$14,'전년비교BACK(전년8.1~동시점,생판재)'!$BR$4:$BR$5000,종합!$C$18)+ SUMIFS('전년비교BACK(전년8.1~동시점,생판재)'!$BI$4:$BI$5000,'전년비교BACK(전년8.1~동시점,생판재)'!$F$4:$F$5000,종합!$BC$12,'전년비교BACK(전년8.1~동시점,생판재)'!$BR$4:$BR$5000,종합!$C$18)-( SUMIFS('시점재고(~25.07.31, 생판재)'!$BI$4:$BI$5000,'시점재고(~25.07.31, 생판재)'!$F$4:$F$5000,종합!$BC$13,'시점재고(~25.07.31, 생판재)'!$BR$4:$BR$5000,종합!$C$18)+ SUMIFS('시점재고(~25.07.31, 생판재)'!$BI$4:$BI$5000,'시점재고(~25.07.31, 생판재)'!$F$4:$F$5000,종합!$BC$14,'시점재고(~25.07.31, 생판재)'!$BR$4:$BR$5000,종합!$C$18)+ SUMIFS('시점재고(~25.07.31, 생판재)'!$BI$4:$BI$5000,'시점재고(~25.07.31, 생판재)'!$F$4:$F$5000,종합!$BC$12,'시점재고(~25.07.31, 생판재)'!$BR$4:$BR$5000,종합!$C$18)) -> 0 | AY21: =IFERROR(1-(AW21/AV21),"") | AZ21: =SUMIFS('전년비교BACK(전년8.1~동시점,생판재)'!$BC$4:$BC$5000,'전년비교BACK(전년8.1~동시점,생판재)'!$F$4:$F$5000,종합!$BC$13,'전년비교BACK(전년8.1~동시점,생판재)'!$BR$4:$BR$5000,종합!$C$18)+ SUMIFS('전년비교BACK(전년8.1~동시점,생판재)'!$BC$4:$BC$5000,'전년비교BACK(전년8.1~동시점,생판재)'!$F$4:$F$5000,종합!$BC$14,'전년비교BACK(전년8.1~동시점,생판재)'!$BR$4:$BR$5000,종합!$C$18)+ SUMIFS('전년비교BACK(전년8.1~동시점,생판재)'!$BC$4:$BC$5000,'전년비교BACK(전년8.1~동시점,생판재)'!$F$4:$F$5000,종합!$BC$12,'전년비교BACK(전년8.1~동시점,생판재)'!$BR$4:$BR$5000,종합!$C$18) -> 0 | BA21: =SUMIFS('전년비교BACK(전년8.1~동시점,생판재)'!$BE$4:$BE$5000,'전년비교BACK(전년8.1~동시점,생판재)'!$F$4:$F$5000,종합!$BC$13,'전년비교BACK(전년8.1~동시점,생판재)'!$BR$4:$BR$5000,종합!$C$18)+ SUMIFS('전년비교BACK(전년8.1~동시점,생판재)'!$BE$4:$BE$5000,'전년비교BACK(전년8.1~동시점,생판재)'!$F$4:$F$5000,종합!$BC$14,'전년비교BACK(전년8.1~동시점,생판재)'!$BR$4:$BR$5000,종합!$C$18)+ SUMIFS('전년비교BACK(전년8.1~동시점,생판재)'!$BE$4:$BE$5000,'전년비교BACK(전년8.1~동시점,생판재)'!$F$4:$F$5000,종합!$BC$12,'전년비교BACK(전년8.1~동시점,생판재)'!$BR$4:$BR$5000,종합!$C$18) -> 0
E22: TTL | G22: =J22 -> 36 | J22: =SUM(J18:J21) -> 36 | L22: =SUM(L18:L21) -> 159585 | O22: =SUM(O18:O21) -> 3063474850 | Q22: =SUM(Q18:Q21) -> 13594576000 | S22: =IFERROR(Q22/O22/1.1,"") -> 4.0342115 | T22: =SUM(T18:T21) -> 6289 | U22: =IFERROR(T22/L22,"") -> 0.039408466 | V22: =SUM(V18:V21) -> 382079000 | W22: =SUM(W18:W21) -> 250566304 | X22: =SUM(X18:X21) -> 86484630 | Y22: =IFERROR(1-(W22/V22),"") -> 0.34420289 | Z22: =SUM(Z18:Z21) -> 3432 | AA22: =SUM(AA18:AA21) -> 139118876 | AE22: TTL | AG22: =AJ22 -> 14 | AJ22: =SUM(AJ18:AJ21) -> 14 | AL22: =SUM(AL18:AL21) -> 473765 | AO22: =SUM(AO18:AO21) -> 0 | AQ22: =SUM(AQ18:AQ21) -> 0 | AS22: =IFERROR(AQ22/AO22/1.1,"") | AT22: =SUM(AT18:AT21) -> 11998 | AU22: =IFERROR(AT22/AL22,"") -> 0.025324792 | AV22: =SUM(AV18:AV21) -> 905130000 | AW22: =SUM(AW18:AW21) -> 439619502 | AX22: =SUM(AX18:AX21) -> 0 | AY22: =IFERROR(1-(AW22/AV22),"") -> 0.51430236 | AZ22: =SUM(AZ18:AZ21) -> 4545 | BA22: =SUM(BA18:BA21) -> 173172948
C23: TTL | J23: =+J17+J22 -> 110 | L23: =+L17+L22 -> 285292 | O23: =+O17+O22 -> 5265885630 | Q23: =+Q17+Q22 -> 22838336000 | S23: =IFERROR(Q23/O23/1.1,"") -> 3.9427601 | T23: =+T17+T22 -> 12319 | U23: =IFERROR(T23/L23,"") -> 0.043180321 | V23: =+V17+V22 -> 769043208 | W23: =+W17+W22 -> 544904788 | X23: =+X17+X22 -> 179426210 | Y23: =IFERROR(1-(W23/V23),"") -> 0.29145101 | Z23: =+Z17+Z22 -> 6847 | AA23: =+AA17+AA22 -> 302417289 | AC23: TTL | AJ23: =+AJ17+AJ22 -> 97 | AL23: =+AL17+AL22 -> 615096 | AO23: =+AO17+AO22 -> 2172209360 | AQ23: =+AQ17+AQ22 -> 9366510000 | AS23: =IFERROR(AQ23/AO23/1.1,"") -> 3.9199762 | AT23: =+AT17+AT22 -> 29000 | AU23: =IFERROR(AT23/AL23,"") -> 0.047147112 | AV23: =+AV17+AV22 -> 1864923000 | AW23: =+AW17+AW22 -> 1030293895 | AX23: =+AX17+AX22 -> 220413300 | AY23: =IFERROR(1-(AW23/AV23),"") -> 0.44754079 | AZ23: =+AZ17+AZ22 -> 11279 | BA23: =+BA17+BA22 -> 411831181
J24: 26FW 기획 | L24: 26FW 기획 (대시보드에서 구품번과 합산) | O24: 26FW 기획 | Q24: 26FW 기획 | T24: 26FW 기획 (대시보드에서 구품번과 합산) | V24: 26FW 기획 (대시보드에서 구품번과 합산) | W24: 26FW 기획 (대시보드에서 구품번과 합산) | Z24: 26FW 기획 (대시보드에서 구품번과 합산) | AA24: 26FW 기획 (대시보드에서 구품번과 합산) | AL24: 25FW 러닝기획 + 이월재고 | AT24: 누계 25.08.01~
C25: *26FW 신상품 카테고리별 | AC25: *25FW 신상품 카테고리별 | BD25: *26FW 러닝 복종/카테고리별 | CD25: *26FW 러닝 시점재고 판매(8/1~ )
B26: 주간판매 | C26: 26FW | D26: 구 분 | G26: 기획현황 | J26: 입고현황 | T26: 판매현황 | AD26: 구 분 | AG26: 기획현황 | AJ26: 입고현황 | AT26: 판매현황 | BD26: 26FW | BE26: 구 분 | BH26: 기획현황 | BK26: 입고현황 | BU26: 판매현황 | CD26: 시점재고 | CE26: 구 분 | CH26: 시점 | CK26: 판매현황
B27: 생판재
B28: 함수 | D28: 복종 | E28: 카테고리 | F28: 카테고리명 | G28: M | H28: SKU | I28: 기획량 | J28: M | K28: SKU | L28: 입고량 | M28: 입고율 | N28: 기획원가 | O28: 생산원가 | P28: 원가 비중 | Q28: TAG | R28: 택가비중 | S28: M/U | T28: 누계판매량 | U28: 수량판매율 | V28: 누계판매 TAG | W28: 누계실판매 금액 | X28: 누계판매 원가 | Y28: 할인율 | Z28: 주간판매량 | AA28: 주간 판매금액 | AD28: 복종 | AE28: 카테고리 | AF28: 카테고리명 | AG28: M | AH28: SKU | AI28: 기획량 | AJ28: M | AK28: SKU | AL28: 입고량 | AM28: 입고율 | AN28: 기획원가 | AO28: 생산원가 | AP28: 원가 비중 | AQ28: TAG | AR28: 택가비중 | AS28: M/U | AT28: 누계판매량 | AU28: 수량판매율 | AV28: 누계판매 TAG | AW28: 누계실판매 금액 | AX28: 누계판매 원가 | AY28: 할인율 | AZ28: 주간판매량 | BA28: 주간 판매금액 | BE28: 복종 | BF28: 카테고리 | BG28: 카테고리명 | BH28: M | BI28: SKU | BJ28: 기획량 | BK28: M | BL28: SKU | BM28: 입고량 | BN28: 입고율 | BO28: 기획원가 | BP28: 생산원가 | BQ28: 원가 비중 | BR28: TAG | BS28: 택가비중 | BT28: M/U | BU28: 누계판매량 | BV28: 수량판매율 | BW28: 누계판매 TAG | BX28: 누계실판매 금액 | BY28: 누계판매 원가 | BZ28: 할인율 | CA28: 주간판매량 | CB28: 주간 판매금액 | CE28: 복종 | CF28: 카테고리 | CG28: 카테고리명 | CH28: M | CI28: SKU | CJ28: 시점재고 | CK28: 누계판매량 | CL28: 수량판매율 | CM28: 누계판매 TAG | CN28: 누계실판매 금액 | CO28: 누계판매 원가 | CP28: 할인율 | CQ28: 주간판매량 | CR28: 주간 판매금액
D30: OUTER | E30: CT | F30: 코트 | G30: =SUMIF('주간판매-26FW(CO)'!$I:$I,종합!$F30,'주간판매-26FW(CO)'!$P:$P) -> 8 | H30: =COUNTIF('주간판매-26FW(CO)'!$I:$I,종합!$F30) -> 17 | I30: =SUMIFS('주간판매-26FW(CO)'!$R$4:$R$5000,'주간판매-26FW(CO)'!$I$4:$I$5000,종합!$F30) -> 14000 | J30: =SUMIFS('주간판매-26FW(CO)'!$P$4:$P$5000,'주간판매-26FW(CO)'!$I$4:$I$5000,종합!$F30,'주간판매-26FW(CO)'!$V$4:$V$5000,">0") -> 1 | K30: =COUNTIFS('주간판매-26FW(CO)'!$I$4:$I$5000,종합!$F30,'주간판매-26FW(CO)'!$V$4:$V$5000,">0") -> 2 | L30: =SUMIFS('주간판매-26FW(CO)'!$V$4:$V$5000,'주간판매-26FW(CO)'!$I$4:$I$5000,종합!$F30) -> 1329 | M30: =IFERROR(L30/I30,"") -> 0.094928571 | N30: =SUMIFS('생판재-26FW(ST)'!$AI$4:$AI$5000,'생판재-26FW(ST)'!$H$4:$H$5000,종합!$F30) -> 509510000 | O30: =SUMIFS('생판재-26FW(ST)'!$AR$4:$AR$5000,'생판재-26FW(ST)'!$H$4:$H$5000,종합!$F30) -> 60735300 | P30: =O30/O$66 -> 0.027576736 | Q30: =SUMIFS('생판재-26FW(ST)'!$AQ$4:$AQ$5000,'생판재-26FW(ST)'!$H$4:$H$5000,종합!$F30) -> 224601000 | R30: =Q30/Q$66 -> 0.02429758 | S30: =IFERROR(Q30/O30/1.1,"") -> 3.361846 | T30: =SUMIFS('생판재-26FW(ST)'!$BG$4:$BG$5000,'생판재-26FW(ST)'!$H$4:$H$5000,종합!$F30) -> 0 | U30: =IFERROR(T30/L30,"") -> 0 | V30: =SUMIFS('생판재-26FW(ST)'!$BH$4:$BH$5000,'생판재-26FW(ST)'!$H$4:$H$5000,종합!$F30) -> 0 | W30: =SUMIFS('생판재-26FW(ST)'!$BI$4:$BI$5000,'생판재-26FW(ST)'!$H$4:$H$5000,종합!$F30) -> 0 | X30: =SUMIFS('생판재-26FW(ST)'!$BJ$4:$BJ$5000,'생판재-26FW(ST)'!$H$4:$H$5000,종합!$F30) -> 0 | Y30: =IFERROR(1-(W30/V30),"") | Z30: =SUMIFS('생판재-26FW(ST)'!$BC$4:$BC$5000,'생판재-26FW(ST)'!$H$4:$H$5000,종합!$F30) -> 0 | AA30: =SUMIFS('생판재-26FW(ST)'!$BE$4:$BE$5000,'생판재-26FW(ST)'!$H$4:$H$5000,종합!$F30) -> 0 | AD30: OUTER | AE30: CT | AF30: 코트 | AG30: =AG73+AG114 -> 15 | AH30: =AH73+AH114 -> 0 | AI30: =AI73+AI114 -> 18530 | AJ30: =AJ73+AJ114 -> 1 | AK30: =AK73+AK114 -> 0 | AL30: =AL73+AL114 -> 535 | AM30: =IFERROR(AL30/AI30,"") -> 0.028872099 | AN30: =AN73+AN114 -> 1151392800 | AO30: =AO73+AO114 -> 21346500 | AP30: =AO30/AO$109 -> 0.0098270914 | AQ30: =AQ73+AQ114 -> 85065000 | AR30: =AQ30/AQ$109 -> 0.0090818245 | AS30: =IFERROR(AQ30/AO30/1.1,"") -> 3.6226931 | AT30: =AT73+AT114 -> 0 | AU30: =IFERROR(AT30/AL30,"") -> 0 | AV30: =AV73+AV114 -> 0 | AW30: =AW73+AW114 -> 0 | AX30: =AX73+AX114 -> 0 | AY30: =IFERROR(1-(AW30/AV30),"") | AZ30: =AZ73+AZ114 -> 0 | BA30: =BA73+BA114 -> 0 | BE30: OUTER | BF30: CT | BG30: 코트 | BH30: =SUMIFS('주간판매-러닝(CO)'!$P$4:$P$5000,'주간판매-러닝(CO)'!$I$4:$I$5000,종합!$BG30) -> 2 | BI30: =COUNTIFS('주간판매-러닝(CO)'!$I$4:$I$5000,종합!$BG30,'주간판매-러닝(CO)'!$E$4:$E$5000,"가을(러닝)")+ COUNTIFS('주간판매-러닝(CO)'!$I$4:$I$5000,종합!$BG30,'주간판매-러닝(CO)'!$E$4:$E$5000,"겨울(러닝)") -> 8 | BJ30: =SUMIFS('주간판매-러닝(CO)'!$R$4:$R$5000,'주간판매-러닝(CO)'!$I$4:$I$5000,종합!$F30,'주간판매-러닝(CO)'!$E$4:$E$5000,"가을(러닝)")+ SUMIFS('주간판매-러닝(CO)'!$R$4:$R$5000,'주간판매-러닝(CO)'!$I$4:$I$5000,종합!$F30,'주간판매-러닝(CO)'!$E$4:$E$5000,"겨울(러닝)") -> 13700 | BK30: =COUNTIFS('주간판매-러닝(CO)'!$P$4:$P$5000,"A",'주간판매-러닝(CO)'!$I$4:$I$5000,종합!$F30,'주간판매-러닝(CO)'!$V$4:$V$5000,">0",'주간판매-러닝(CO)'!$E$4:$E$5000,"가을(러닝)")+ COUNTIFS('주간판매-러닝(CO)'!$P$4:$P$5000,"A",'주간판매-러닝(CO)'!$I$4:$I$5000,종합!$F30,'주간판매-러닝(CO)'!$V$4:$V$5000,">0",'주간판매-러닝(CO)'!$E$4:$E$5000,"겨울(러닝)") -> 2 | BL30: =COUNTIFS('주간판매-러닝(CO)'!$I$4:$I$5000,종합!$F30,'주간판매-러닝(CO)'!$V$4:$V$5000,">0",'주간판매-러닝(CO)'!$E$4:$E$5000,"가을(러닝)")+ COUNTIFS('주간판매-러닝(CO)'!$I$4:$I$5000,종합!$F30,'주간판매-러닝(CO)'!$V$4:$V$5000,">0",'주간판매-러닝(CO)'!$E$4:$E$5000,"겨울(러닝)") -> 8 | BM30: =SUMIFS('주간판매-러닝(CO)'!$V$4:$V$5000,'주간판매-러닝(CO)'!$I$4:$I$5000,종합!$F30,'주간판매-러닝(CO)'!$E$4:$E$5000,"가을(러닝)")+ SUMIFS('주간판매-러닝(CO)'!$V$4:$V$5000,'주간판매-러닝(CO)'!$I$4:$I$5000,종합!$F30,'주간판매-러닝(CO)'!$E$4:$E$5000,"겨울(러닝)") -> 13859 | BN30: =IFERROR(BM30/BJ30,"") -> 1.0116058 | BO30: =SUMIFS('생판재-러닝(ST)'!$AI$4:$AI$5000,'생판재-러닝(ST)'!$H$4:$H$5000,종합!$F30,'생판재-러닝(ST)'!$D$4:$D$5000,"가을(러닝)")+ SUMIFS('생판재-러닝(ST)'!$AI$4:$AI$5000,'생판재-러닝(ST)'!$H$4:$H$5000,종합!$F30,'생판재-러닝(ST)'!$D$4:$D$5000,"겨울(러닝)") -> 635100000 | BP30: =SUMIFS('생판재-러닝(ST)'!$AR$4:$AR$5000,'생판재-러닝(ST)'!$H$4:$H$5000,종합!$F30,'생판재-러닝(ST)'!$D$4:$D$5000,"가을(러닝)")+ SUMIFS('생판재-러닝(ST)'!$AR$4:$AR$5000,'생판재-러닝(ST)'!$H$4:$H$5000,종합!$F30,'생판재-러닝(ST)'!$D$4:$D$5000,"겨울(러닝)") -> 642248500 | BQ30: =BP30/BP$66 -> 0.20964706 | BR30: =SUMIFS('생판재-러닝(ST)'!$AQ$4:$AQ$5000,'생판재-러닝(ST)'!$H$4:$H$5000,종합!$F30,'생판재-러닝(ST)'!$D$4:$D$5000,"가을(러닝)")+ SUMIFS('생판재-러닝(ST)'!$AQ$4:$AQ$5000,'생판재-러닝(ST)'!$H$4:$H$5000,종합!$F30,'생판재-러닝(ST)'!$D$4:$D$5000,"겨울(러닝)") -> 2899874000 | BS30: =BR30/BR$66 -> 0.2133111 | BT30: =IFERROR(BR30/BP30/1.1,"") -> 4.1047182 | BU30: =SUMIFS('생판재-러닝(ST)'!$BG$4:$BG$5000,'생판재-러닝(ST)'!$H$4:$H$5000,종합!$F30,'생판재-러닝(ST)'!$D$4:$D$5000,"가을(러닝)")+ SUMIFS('생판재-러닝(ST)'!$BG$4:$BG$5000,'생판재-러닝(ST)'!$H$4:$H$5000,종합!$F30,'생판재-러닝(ST)'!$D$4:$D$5000,"겨울(러닝)") -> 29 | BV30: =IFERROR(BU30/BM30,"") -> 0.0020925031 | BW30: =SUMIFS('생판재-러닝(ST)'!$BH$4:$BH$5000,'생판재-러닝(ST)'!$H$4:$H$5000,종합!$F30,'생판재-러닝(ST)'!$D$4:$D$5000,"가을(러닝)")+ SUMIFS('생판재-러닝(ST)'!$BH$4:$BH$5000,'생판재-러닝(ST)'!$H$4:$H$5000,종합!$F30,'생판재-러닝(ST)'!$D$4:$D$5000,"겨울(러닝)") -> 4524000 | BX30: =SUMIFS('생판재-러닝(ST)'!$BI$4:$BI$5000,'생판재-러닝(ST)'!$H$4:$H$5000,종합!$F30,'생판재-러닝(ST)'!$D$4:$D$5000,"가을(러닝)")+ SUMIFS('생판재-러닝(ST)'!$BI$4:$BI$5000,'생판재-러닝(ST)'!$H$4:$H$5000,종합!$F30,'생판재-러닝(ST)'!$D$4:$D$5000,"겨울(러닝)") -> 3521360 | BY30: =SUMIFS('생판재-러닝(ST)'!$BJ$4:$BJ$5000,'생판재-러닝(ST)'!$H$4:$H$5000,종합!$F30,'생판재-러닝(ST)'!$D$4:$D$5000,"가을(러닝)")+ SUMIFS('생판재-러닝(ST)'!$BJ$4:$BJ$5000,'생판재-러닝(ST)'!$H$4:$H$5000,종합!$F30,'생판재-러닝(ST)'!$D$4:$D$5000,"겨울(러닝)") -> 1283250 | BZ30: =IFERROR(1-(BX30/BW30),"") -> 0.22162688 | CA30: =SUMIFS('생판재-러닝(ST)'!$BC$4:$BC$5000,'생판재-러닝(ST)'!$H$4:$H$5000,종합!$F30,'생판재-러닝(ST)'!$D$4:$D$5000,"가을(러닝)")+ SUMIFS('생판재-러닝(ST)'!$BC$4:$BC$5000,'생판재-러닝(ST)'!$H$4:$H$5000,종합!$F30,'생판재-러닝(ST)'!$D$4:$D$5000,"겨울(러닝)") -> 29 | CB30: =SUMIFS('생판재-러닝(ST)'!$BE$4:$BE$5000,'생판재-러닝(ST)'!$H$4:$H$5000,종합!$F30,'생판재-러닝(ST)'!$D$4:$D$5000,"가을(러닝)")+ SUMIFS('생판재-러닝(ST)'!$BE$4:$BE$5000,'생판재-러닝(ST)'!$H$4:$H$5000,종합!$F30,'생판재-러닝(ST)'!$D$4:$D$5000,"겨울(러닝)") -> 3521360 | CE30: OUTER | CF30: CT | CG30: 코트 | CH30: =COUNTIFS('시점재고(~26.07.31, 생판재)'!$H$4:$H$5000,종합!$CG30) -> 2 | CJ30: =SUMIFS('시점재고(~26.07.31, 생판재)'!$BM$4:$BM$5000,'시점재고(~26.07.31, 생판재)'!$H$4:$H$5000,종합!$CG30) -> 2657 | CK30: =SUMIFS('생판재-러닝(ST)'!$BG$4:$BG$5000,'생판재-러닝(ST)'!$H$4:$H$5000,종합!$CG30,'생판재-러닝(ST)'!$D$4:$D$5000,"<>가을(러닝)",'생판재-러닝(ST)'!$D$4:$D$5000,"<>겨울(러닝)")-( SUMIFS('시점재고(~26.07.31, 생판재)'!$BG$4:$BG$5000,'시점재고(~26.07.31, 생판재)'!$H$4:$H$5000,종합!CG30)) -> 156 | CL30: =IFERROR(CK30/#REF!,"") | CM30: =SUMIFS('생판재-러닝(ST)'!$BH$4:$BH$5000,'생판재-러닝(ST)'!$H$4:$H$5000,종합!$F30,'생판재-러닝(ST)'!$D$4:$D$5000,"<>가을(러닝)",'생판재-러닝(ST)'!$D$4:$D$5000,"<>겨울(러닝)")-( SUMIFS('시점재고(~26.07.31, 생판재)'!$BH$4:$BH$5000,'시점재고(~26.07.31, 생판재)'!$H$4:$H$5000,종합!$F30)) -> 24476000 | CN30: =SUMIFS('생판재-러닝(ST)'!$BI$4:$BI$5000,'생판재-러닝(ST)'!$H$4:$H$5000,종합!$F30,'생판재-러닝(ST)'!$D$4:$D$5000,"<>가을(러닝)",'생판재-러닝(ST)'!$D$4:$D$5000,"<>겨울(러닝)")-( SUMIFS('시점재고(~26.07.31, 생판재)'!$BI$4:$BI$5000,'시점재고(~26.07.31, 생판재)'!$H$4:$H$5000,종합!$F30)) -> 18673150 | CO30: =SUMIFS('생판재-러닝(ST)'!$BJ$4:$BJ$5000,'생판재-러닝(ST)'!$H$4:$H$5000,종합!$F30,'생판재-러닝(ST)'!$D$4:$D$5000,"<>가을(러닝)",'생판재-러닝(ST)'!$D$4:$D$5000,"<>겨울(러닝)")-( SUMIFS('시점재고(~26.07.31, 생판재)'!$BJ$4:$BJ$5000,'시점재고(~26.07.31, 생판재)'!$H$4:$H$5000,종합!$F30)) -> 6422000 | CP30: =IFERROR(1-(CN30/CM30),"") -> 0.23708327 | CQ30: =SUMIFS('생판재-러닝(ST)'!$BC$4:$BC$5000,'생판재-러닝(ST)'!$H$4:$H$5000,종합!$F30,'생판재-러닝(ST)'!$D$4:$D$5000,"<>가을(러닝)",'생판재-러닝(ST)'!$D$4:$D$5000,"<>겨울(러닝)") -> 59 | CR30: =SUMIFS('생판재-러닝(ST)'!$BE$4:$BE$5000,'생판재-러닝(ST)'!$H$4:$H$5000,종합!$F30,'생판재-러닝(ST)'!$D$4:$D$5000,"<>가을(러닝)",'생판재-러닝(ST)'!$D$4:$D$5000,"<>겨울(러닝)") -> 7438430
D31: OUTER | E31: JK | F31: 자켓 | G31: =SUMIF('주간판매-26FW(CO)'!$I:$I,종합!$F31,'주간판매-26FW(CO)'!$P:$P) -> 9 | H31: =COUNTIF('주간판매-26FW(CO)'!$I:$I,종합!$F31) -> 21 | I31: =SUMIFS('주간판매-26FW(CO)'!$R$4:$R$5000,'주간판매-26FW(CO)'!$I$4:$I$5000,종합!$F31) -> 11350 | J31: =SUMIFS('주간판매-26FW(CO)'!$P$4:$P$5000,'주간판매-26FW(CO)'!$I$4:$I$5000,종합!$F31,'주간판매-26FW(CO)'!$V$4:$V$5000,">0") -> 5 | K31: =COUNTIFS('주간판매-26FW(CO)'!$I$4:$I$5000,종합!$F31,'주간판매-26FW(CO)'!$V$4:$V$5000,">0") -> 11 | L31: =SUMIFS('주간판매-26FW(CO)'!$V$4:$V$5000,'주간판매-26FW(CO)'!$I$4:$I$5000,종합!$F31) -> 5250 | M31: =IFERROR(L31/I31,"") -> 0.46255507 | N31: =SUMIFS('생판재-26FW(ST)'!$AI$4:$AI$5000,'생판재-26FW(ST)'!$H$4:$H$5000,종합!$F31) -> 413670000 | O31: =SUMIFS('생판재-26FW(ST)'!$AR$4:$AR$5000,'생판재-26FW(ST)'!$H$4:$H$5000,종합!$F31) -> 215998700 | P31: =O31/O$66 -> 0.098073757 | Q31: =SUMIFS('생판재-26FW(ST)'!$AQ$4:$AQ$5000,'생판재-26FW(ST)'!$H$4:$H$5000,종합!$F31) -> 898219000 | R31: =Q31/Q$66 -> 0.097170307 | S31: =IFERROR(Q31/O31/1.1,"") -> 3.7804057 | T31: =SUMIFS('생판재-26FW(ST)'!$BG$4:$BG$5000,'생판재-26FW(ST)'!$H$4:$H$5000,종합!$F31) -> 139 | U31: =IFERROR(T31/L31,"") -> 0.02647619 | V31: =SUMIFS('생판재-26FW(ST)'!$BH$4:$BH$5000,'생판재-26FW(ST)'!$H$4:$H$5000,종합!$F31) -> 18279000 | W31: =SUMIFS('생판재-26FW(ST)'!$BI$4:$BI$5000,'생판재-26FW(ST)'!$H$4:$H$5000,종합!$F31) -> 13688640 | X31: =SUMIFS('생판재-26FW(ST)'!$BJ$4:$BJ$5000,'생판재-26FW(ST)'!$H$4:$H$5000,종합!$F31) -> 4683400 | Y31: =IFERROR(1-(W31/V31),"") -> 0.25112752 | Z31: =SUMIFS('생판재-26FW(ST)'!$BC$4:$BC$5000,'생판재-26FW(ST)'!$H$4:$H$5000,종합!$F31) -> 46 | AA31: =SUMIFS('생판재-26FW(ST)'!$BE$4:$BE$5000,'생판재-26FW(ST)'!$H$4:$H$5000,종합!$F31) -> 4897670 | AD31: OUTER | AE31: JK | AF31: 자켓 | AG31: =AG74+AG115 -> 9 | AH31: =AH74+AH115 -> 0 | AI31: =AI74+AI115 -> 9700 | AJ31: =AJ74+AJ115 -> 5 | AK31: =AK74+AK115 -> 2 | AL31: =AL74+AL115 -> 4327 | AM31: =IFERROR(AL31/AI31,"") -> 0.44608247 | AN31: =AN74+AN115 -> 325607000 | AO31: =AO74+AO115 -> 125536400 | AP31: =AO31/AO$109 -> 0.057792035 | AQ31: =AQ74+AQ115 -> 551926000 | AR31: =AQ31/AQ$109 -> 0.05892547 | AS31: =IFERROR(AQ31/AO31/1.1,"") -> 3.996856 | AT31: =AT74+AT115 -> 252 | AU31: =IFERROR(AT31/AL31,"") -> 0.058238965 | AV31: =AV74+AV115 -> 32051000 | AW31: =AW74+AW115 -> 15497633 | AX31: =AX74+AX115 -> 6855800 | AY31: =IFERROR(1-(AW31/AV31),"") -> 0.5164696 | AZ31: =AZ74+AZ115 -> 54 | BA31: =BA74+BA115 -> 3939163 | BE31: OUTER | BF31: JK | BG31: 자켓 | BH31: =SUMIFS('주간판매-러닝(CO)'!$P$4:$P$5000,'주간판매-러닝(CO)'!$I$4:$I$5000,종합!$BG31) -> 3 | BI31: =COUNTIFS('주간판매-러닝(CO)'!$I$4:$I$5000,종합!$BG31,'주간판매-러닝(CO)'!$E$4:$E$5000,"가을(러닝)")+ COUNTIFS('주간판매-러닝(CO)'!$I$4:$I$5000,종합!$BG31,'주간판매-러닝(CO)'!$E$4:$E$5000,"겨울(러닝)") -> 9 | BJ31: =SUMIFS('주간판매-러닝(CO)'!$R$4:$R$5000,'주간판매-러닝(CO)'!$I$4:$I$5000,종합!$F31,'주간판매-러닝(CO)'!$E$4:$E$5000,"가을(러닝)")+ SUMIFS('주간판매-러닝(CO)'!$R$4:$R$5000,'주간판매-러닝(CO)'!$I$4:$I$5000,종합!$F31,'주간판매-러닝(CO)'!$E$4:$E$5000,"겨울(러닝)") -> 7970 | BK31: =COUNTIFS('주간판매-러닝(CO)'!$P$4:$P$5000,"A",'주간판매-러닝(CO)'!$I$4:$I$5000,종합!$F31,'주간판매-러닝(CO)'!$V$4:$V$5000,">0",'주간판매-러닝(CO)'!$E$4:$E$5000,"가을(러닝)")+ COUNTIFS('주간판매-러닝(CO)'!$P$4:$P$5000,"A",'주간판매-러닝(CO)'!$I$4:$I$5000,종합!$F31,'주간판매-러닝(CO)'!$V$4:$V$5000,">0",'주간판매-러닝(CO)'!$E$4:$E$5000,"겨울(러닝)") -> 3 | BL31: =COUNTIFS('주간판매-러닝(CO)'!$I$4:$I$5000,종합!$F31,'주간판매-러닝(CO)'!$V$4:$V$5000,">0",'주간판매-러닝(CO)'!$E$4:$E$5000,"가을(러닝)")+ COUNTIFS('주간판매-러닝(CO)'!$I$4:$I$5000,종합!$F31,'주간판매-러닝(CO)'!$V$4:$V$5000,">0",'주간판매-러닝(CO)'!$E$4:$E$5000,"겨울(러닝)") -> 9 | BM31: =SUMIFS('주간판매-러닝(CO)'!$V$4:$V$5000,'주간판매-러닝(CO)'!$I$4:$I$5000,종합!$F31,'주간판매-러닝(CO)'!$E$4:$E$5000,"가을(러닝)")+ SUMIFS('주간판매-러닝(CO)'!$V$4:$V$5000,'주간판매-러닝(CO)'!$I$4:$I$5000,종합!$F31,'주간판매-러닝(CO)'!$E$4:$E$5000,"겨울(러닝)") -> 8164 | BN31: =IFERROR(BM31/BJ31,"") -> 1.0243413 | BO31: =SUMIFS('생판재-러닝(ST)'!$AI$4:$AI$5000,'생판재-러닝(ST)'!$H$4:$H$5000,종합!$F31,'생판재-러닝(ST)'!$D$4:$D$5000,"가을(러닝)")+ SUMIFS('생판재-러닝(ST)'!$AI$4:$AI$5000,'생판재-러닝(ST)'!$H$4:$H$5000,종합!$F31,'생판재-러닝(ST)'!$D$4:$D$5000,"겨울(러닝)") -> 277298000 | BP31: =SUMIFS('생판재-러닝(ST)'!$AR$4:$AR$5000,'생판재-러닝(ST)'!$H$4:$H$5000,종합!$F31,'생판재-러닝(ST)'!$D$4:$D$5000,"가을(러닝)")+ SUMIFS('생판재-러닝(ST)'!$AR$4:$AR$5000,'생판재-러닝(ST)'!$H$4:$H$5000,종합!$F31,'생판재-러닝(ST)'!$D$4:$D$5000,"겨울(러닝)") -> 283797170 | BQ31: =BP31/BP$66 -> 0.092638975 | BR31: =SUMIFS('생판재-러닝(ST)'!$AQ$4:$AQ$5000,'생판재-러닝(ST)'!$H$4:$H$5000,종합!$F31,'생판재-러닝(ST)'!$D$4:$D$5000,"가을(러닝)")+ SUMIFS('생판재-러닝(ST)'!$AQ$4:$AQ$5000,'생판재-러닝(ST)'!$H$4:$H$5000,종합!$F31,'생판재-러닝(ST)'!$D$4:$D$5000,"겨울(러닝)") -> 1109139000 | BS31: =BR31/BR$66 -> 0.081586877 | BT31: =IFERROR(BR31/BP31/1.1,"") -> 3.5529184 | BU31: =SUMIFS('생판재-러닝(ST)'!$BG$4:$BG$5000,'생판재-러닝(ST)'!$H$4:$H$5000,종합!$F31,'생판재-러닝(ST)'!$D$4:$D$5000,"가을(러닝)")+ SUMIFS('생판재-러닝(ST)'!$BG$4:$BG$5000,'생판재-러닝(ST)'!$H$4:$H$5000,종합!$F31,'생판재-러닝(ST)'!$D$4:$D$5000,"겨울(러닝)") -> 133 | BV31: =IFERROR(BU31/BM31,"") -> 0.016291034 | BW31: =SUMIFS('생판재-러닝(ST)'!$BH$4:$BH$5000,'생판재-러닝(ST)'!$H$4:$H$5000,종합!$F31,'생판재-러닝(ST)'!$D$4:$D$5000,"가을(러닝)")+ SUMIFS('생판재-러닝(ST)'!$BH$4:$BH$5000,'생판재-러닝(ST)'!$H$4:$H$5000,종합!$F31,'생판재-러닝(ST)'!$D$4:$D$5000,"겨울(러닝)") -> 18133000 | BX31: =SUMIFS('생판재-러닝(ST)'!$BI$4:$BI$5000,'생판재-러닝(ST)'!$H$4:$H$5000,종합!$F31,'생판재-러닝(ST)'!$D$4:$D$5000,"가을(러닝)")+ SUMIFS('생판재-러닝(ST)'!$BI$4:$BI$5000,'생판재-러닝(ST)'!$H$4:$H$5000,종합!$F31,'생판재-러닝(ST)'!$D$4:$D$5000,"겨울(러닝)") -> 13553040 | BY31: =SUMIFS('생판재-러닝(ST)'!$BJ$4:$BJ$5000,'생판재-러닝(ST)'!$H$4:$H$5000,종합!$F31,'생판재-러닝(ST)'!$D$4:$D$5000,"가을(러닝)")+ SUMIFS('생판재-러닝(ST)'!$BJ$4:$BJ$5000,'생판재-러닝(ST)'!$H$4:$H$5000,종합!$F31,'생판재-러닝(ST)'!$D$4:$D$5000,"겨울(러닝)") -> 4635000 | BZ31: =IFERROR(1-(BX31/BW31),"") -> 0.25257597 | CA31: =SUMIFS('생판재-러닝(ST)'!$BC$4:$BC$5000,'생판재-러닝(ST)'!$H$4:$H$5000,종합!$F31,'생판재-러닝(ST)'!$D$4:$D$5000,"가을(러닝)")+ SUMIFS('생판재-러닝(ST)'!$BC$4:$BC$5000,'생판재-러닝(ST)'!$H$4:$H$5000,종합!$F31,'생판재-러닝(ST)'!$D$4:$D$5000,"겨울(러닝)") -> 80 | CB31: =SUMIFS('생판재-러닝(ST)'!$BE$4:$BE$5000,'생판재-러닝(ST)'!$H$4:$H$5000,종합!$F31,'생판재-러닝(ST)'!$D$4:$D$5000,"가을(러닝)")+ SUMIFS('생판재-러닝(ST)'!$BE$4:$BE$5000,'생판재-러닝(ST)'!$H$4:$H$5000,종합!$F31,'생판재-러닝(ST)'!$D$4:$D$5000,"겨울(러닝)") -> 7938380 | CE31: OUTER | CF31: JK | CG31: 자켓 | CH31: =COUNTIFS('시점재고(~26.07.31, 생판재)'!$H$4:$H$5000,종합!$CG31) -> 3 | CJ31: =SUMIFS('시점재고(~26.07.31, 생판재)'!$BM$4:$BM$5000,'시점재고(~26.07.31, 생판재)'!$H$4:$H$5000,종합!$CG31) -> 1185 | CK31: =SUMIFS('생판재-러닝(ST)'!$BG$4:$BG$5000,'생판재-러닝(ST)'!$H$4:$H$5000,종합!$CG31,'생판재-러닝(ST)'!$D$4:$D$5000,"<>가을(러닝)",'생판재-러닝(ST)'!$D$4:$D$5000,"<>겨울(러닝)")-( SUMIFS('시점재고(~26.07.31, 생판재)'!$BG$4:$BG$5000,'시점재고(~26.07.31, 생판재)'!$H$4:$H$5000,종합!CG31)) -> 88 | CL31: =IFERROR(CK31/#REF!,"") | CM31: =SUMIFS('생판재-러닝(ST)'!$BH$4:$BH$5000,'생판재-러닝(ST)'!$H$4:$H$5000,종합!$F31,'생판재-러닝(ST)'!$D$4:$D$5000,"<>가을(러닝)",'생판재-러닝(ST)'!$D$4:$D$5000,"<>겨울(러닝)")-( SUMIFS('시점재고(~26.07.31, 생판재)'!$BH$4:$BH$5000,'시점재고(~26.07.31, 생판재)'!$H$4:$H$5000,종합!$F31)) -> 12330000 | CN31: =SUMIFS('생판재-러닝(ST)'!$BI$4:$BI$5000,'생판재-러닝(ST)'!$H$4:$H$5000,종합!$F31,'생판재-러닝(ST)'!$D$4:$D$5000,"<>가을(러닝)",'생판재-러닝(ST)'!$D$4:$D$5000,"<>겨울(러닝)")-( SUMIFS('시점재고(~26.07.31, 생판재)'!$BI$4:$BI$5000,'시점재고(~26.07.31, 생판재)'!$H$4:$H$5000,종합!$F31)) -> 8885891 | CO31: =SUMIFS('생판재-러닝(ST)'!$BJ$4:$BJ$5000,'생판재-러닝(ST)'!$H$4:$H$5000,종합!$F31,'생판재-러닝(ST)'!$D$4:$D$5000,"<>가을(러닝)",'생판재-러닝(ST)'!$D$4:$D$5000,"<>겨울(러닝)")-( SUMIFS('시점재고(~26.07.31, 생판재)'!$BJ$4:$BJ$5000,'시점재고(~26.07.31, 생판재)'!$H$4:$H$5000,종합!$F31)) -> 3092700 | CP31: =IFERROR(1-(CN31/CM31),"") -> 0.27932758 | CQ31: =SUMIFS('생판재-러닝(ST)'!$BC$4:$BC$5000,'생판재-러닝(ST)'!$H$4:$H$5000,종합!$F31,'생판재-러닝(ST)'!$D$4:$D$5000,"<>가을(러닝)",'생판재-러닝(ST)'!$D$4:$D$5000,"<>겨울(러닝)") -> 44 | CR31: =SUMIFS('생판재-러닝(ST)'!$BE$4:$BE$5000,'생판재-러닝(ST)'!$H$4:$H$5000,종합!$F31,'생판재-러닝(ST)'!$D$4:$D$5000,"<>가을(러닝)",'생판재-러닝(ST)'!$D$4:$D$5000,"<>겨울(러닝)") -> 4761440
D32: OUTER | E32: JP | F32: 점퍼 | G32: =SUMIF('주간판매-26FW(CO)'!$I:$I,종합!$F32,'주간판매-26FW(CO)'!$P:$P) -> 24 | H32: =COUNTIF('주간판매-26FW(CO)'!$I:$I,종합!$F32) -> 48 | I32: =SUMIFS('주간판매-26FW(CO)'!$R$4:$R$5000,'주간판매-26FW(CO)'!$I$4:$I$5000,종합!$F32) -> 27280 | J32: =SUMIFS('주간판매-26FW(CO)'!$P$4:$P$5000,'주간판매-26FW(CO)'!$I$4:$I$5000,종합!$F32,'주간판매-26FW(CO)'!$V$4:$V$5000,">0") -> 8 | K32: =COUNTIFS('주간판매-26FW(CO)'!$I$4:$I$5000,종합!$F32,'주간판매-26FW(CO)'!$V$4:$V$5000,">0") -> 17 | L32: =SUMIFS('주간판매-26FW(CO)'!$V$4:$V$5000,'주간판매-26FW(CO)'!$I$4:$I$5000,종합!$F32) -> 10665 | M32: =IFERROR(L32/I32,"") -> 0.39094575 | N32: =SUMIFS('생판재-26FW(ST)'!$AI$4:$AI$5000,'생판재-26FW(ST)'!$H$4:$H$5000,종합!$F32) -> 804236600 | O32: =SUMIFS('생판재-26FW(ST)'!$AR$4:$AR$5000,'생판재-26FW(ST)'!$H$4:$H$5000,종합!$F32) -> 387168860 | P32: =O32/O$66 -> 0.17579321 | Q32: =SUMIFS('생판재-26FW(ST)'!$AQ$4:$AQ$5000,'생판재-26FW(ST)'!$H$4:$H$5000,종합!$F32) -> 1624529000 | R32: =Q32/Q$66 -> 0.17574331 | S32: =IFERROR(Q32/O32/1.1,"") -> 3.8144714 | T32: =SUMIFS('생판재-26FW(ST)'!$BG$4:$BG$5000,'생판재-26FW(ST)'!$H$4:$H$5000,종합!$F32) -> 96 | U32: =IFERROR(T32/L32,"") -> 0.0090014065 | V32: =SUMIFS('생판재-26FW(ST)'!$BH$4:$BH$5000,'생판재-26FW(ST)'!$H$4:$H$5000,종합!$F32) -> 12310000 | W32: =SUMIFS('생판재-26FW(ST)'!$BI$4:$BI$5000,'생판재-26FW(ST)'!$H$4:$H$5000,종합!$F32) -> 9111840 | X32: =SUMIFS('생판재-26FW(ST)'!$BJ$4:$BJ$5000,'생판재-26FW(ST)'!$H$4:$H$5000,종합!$F32) -> 3291400 | Y32: =IFERROR(1-(W32/V32),"") -> 0.25980179 | Z32: =SUMIFS('생판재-26FW(ST)'!$BC$4:$BC$5000,'생판재-26FW(ST)'!$H$4:$H$5000,종합!$F32) -> 54 | AA32: =SUMIFS('생판재-26FW(ST)'!$BE$4:$BE$5000,'생판재-26FW(ST)'!$H$4:$H$5000,종합!$F32) -> 5356750 | AD32: OUTER | AE32: JP | AF32: 점퍼 | AG32: =AG75+AG116 -> 21 | AH32: =AH75+AH116 -> 0 | AI32: =AI75+AI116 -> 32796 | AJ32: =AJ75+AJ116 -> 2 | AK32: =AK75+AK116 -> 0 | AL32: =AL75+AL116 -> 1677 | AM32: =IFERROR(AL32/AI32,"") -> 0.051134285 | AN32: =AN75+AN116 -> 1164958200 | AO32: =AO75+AO116 -> 45162000 | AP32: =AO32/AO$109 -> 0.020790814 | AQ32: =AQ75+AQ116 -> 209442000 | AR32: =AQ32/AQ$109 -> 0.02236073 | AS32: =IFERROR(AQ32/AO32/1.1,"") -> 4.215974 | AT32: =AT75+AT116 -> 77 | AU32: =IFERROR(AT32/AL32,"") -> 0.045915325 | AV32: =AV75+AV116 -> 9805000 | AW32: =AW75+AW116 -> 5001435 | AX32: =AX75+AX116 -> 2112300 | AY32: =IFERROR(1-(AW32/AV32),"") -> 0.48990974 | AZ32: =AZ75+AZ116 -> 50 | BA32: =BA75+BA116 -> 3960668 | BE32: OUTER | BF32: JP | BG32: 점퍼 | BH32: =SUMIFS('주간판매-러닝(CO)'!$P$4:$P$5000,'주간판매-러닝(CO)'!$I$4:$I$5000,종합!$BG32) -> 3 | BI32: =COUNTIFS('주간판매-러닝(CO)'!$I$4:$I$5000,종합!$BG32,'주간판매-러닝(CO)'!$E$4:$E$5000,"가을(러닝)")+ COUNTIFS('주간판매-러닝(CO)'!$I$4:$I$5000,종합!$BG32,'주간판매-러닝(CO)'!$E$4:$E$5000,"겨울(러닝)") -> 9 | BJ32: =SUMIFS('주간판매-러닝(CO)'!$R$4:$R$5000,'주간판매-러닝(CO)'!$I$4:$I$5000,종합!$F32,'주간판매-러닝(CO)'!$E$4:$E$5000,"가을(러닝)")+ SUMIFS('주간판매-러닝(CO)'!$R$4:$R$5000,'주간판매-러닝(CO)'!$I$4:$I$5000,종합!$F32,'주간판매-러닝(CO)'!$E$4:$E$5000,"겨울(러닝)") -> 7100 | BK32: =COUNTIFS('주간판매-러닝(CO)'!$P$4:$P$5000,"A",'주간판매-러닝(CO)'!$I$4:$I$5000,종합!$F32,'주간판매-러닝(CO)'!$V$4:$V$5000,">0",'주간판매-러닝(CO)'!$E$4:$E$5000,"가을(러닝)")+ COUNTIFS('주간판매-러닝(CO)'!$P$4:$P$5000,"A",'주간판매-러닝(CO)'!$I$4:$I$5000,종합!$F32,'주간판매-러닝(CO)'!$V$4:$V$5000,">0",'주간판매-러닝(CO)'!$E$4:$E$5000,"겨울(러닝)") -> 2 | BL32: =COUNTIFS('주간판매-러닝(CO)'!$I$4:$I$5000,종합!$F32,'주간판매-러닝(CO)'!$V$4:$V$5000,">0",'주간판매-러닝(CO)'!$E$4:$E$5000,"가을(러닝)")+ COUNTIFS('주간판매-러닝(CO)'!$I$4:$I$5000,종합!$F32,'주간판매-러닝(CO)'!$V$4:$V$5000,">0",'주간판매-러닝(CO)'!$E$4:$E$5000,"겨울(러닝)") -> 5 | BM32: =SUMIFS('주간판매-러닝(CO)'!$V$4:$V$5000,'주간판매-러닝(CO)'!$I$4:$I$5000,종합!$F32,'주간판매-러닝(CO)'!$E$4:$E$5000,"가을(러닝)")+ SUMIFS('주간판매-러닝(CO)'!$V$4:$V$5000,'주간판매-러닝(CO)'!$I$4:$I$5000,종합!$F32,'주간판매-러닝(CO)'!$E$4:$E$5000,"겨울(러닝)") -> 3721 | BN32: =IFERROR(BM32/BJ32,"") -> 0.52408451 | BO32: =SUMIFS('생판재-러닝(ST)'!$AI$4:$AI$5000,'생판재-러닝(ST)'!$H$4:$H$5000,종합!$F32,'생판재-러닝(ST)'!$D$4:$D$5000,"가을(러닝)")+ SUMIFS('생판재-러닝(ST)'!$AI$4:$AI$5000,'생판재-러닝(ST)'!$H$4:$H$5000,종합!$F32,'생판재-러닝(ST)'!$D$4:$D$5000,"겨울(러닝)") -> 307210000 | BP32: =SUMIFS('생판재-러닝(ST)'!$AR$4:$AR$5000,'생판재-러닝(ST)'!$H$4:$H$5000,종합!$F32,'생판재-러닝(ST)'!$D$4:$D$5000,"가을(러닝)")+ SUMIFS('생판재-러닝(ST)'!$AR$4:$AR$5000,'생판재-러닝(ST)'!$H$4:$H$5000,종합!$F32,'생판재-러닝(ST)'!$D$4:$D$5000,"겨울(러닝)") -> 161078000 | BQ32: =BP32/BP$66 -> 0.052580161 | BR32: =SUMIFS('생판재-러닝(ST)'!$AQ$4:$AQ$5000,'생판재-러닝(ST)'!$H$4:$H$5000,종합!$F32,'생판재-러닝(ST)'!$D$4:$D$5000,"가을(러닝)")+ SUMIFS('생판재-러닝(ST)'!$AQ$4:$AQ$5000,'생판재-러닝(ST)'!$H$4:$H$5000,종합!$F32,'생판재-러닝(ST)'!$D$4:$D$5000,"겨울(러닝)") -> 686070000 | BS32: =BR32/BR$66 -> 0.050466451 | BT32: =IFERROR(BR32/BP32/1.1,"") -> 3.8720371 | BU32: =SUMIFS('생판재-러닝(ST)'!$BG$4:$BG$5000,'생판재-러닝(ST)'!$H$4:$H$5000,종합!$F32,'생판재-러닝(ST)'!$D$4:$D$5000,"가을(러닝)")+ SUMIFS('생판재-러닝(ST)'!$BG$4:$BG$5000,'생판재-러닝(ST)'!$H$4:$H$5000,종합!$F32,'생판재-러닝(ST)'!$D$4:$D$5000,"겨울(러닝)") -> 14 | BV32: =IFERROR(BU32/BM32,"") -> 0.0037624295 | BW32: =SUMIFS('생판재-러닝(ST)'!$BH$4:$BH$5000,'생판재-러닝(ST)'!$H$4:$H$5000,종합!$F32,'생판재-러닝(ST)'!$D$4:$D$5000,"가을(러닝)")+ SUMIFS('생판재-러닝(ST)'!$BH$4:$BH$5000,'생판재-러닝(ST)'!$H$4:$H$5000,종합!$F32,'생판재-러닝(ST)'!$D$4:$D$5000,"겨울(러닝)") -> 2646000 | BX32: =SUMIFS('생판재-러닝(ST)'!$BI$4:$BI$5000,'생판재-러닝(ST)'!$H$4:$H$5000,종합!$F32,'생판재-러닝(ST)'!$D$4:$D$5000,"가을(러닝)")+ SUMIFS('생판재-러닝(ST)'!$BI$4:$BI$5000,'생판재-러닝(ST)'!$H$4:$H$5000,종합!$F32,'생판재-러닝(ST)'!$D$4:$D$5000,"겨울(러닝)") -> 1822400 | BY32: =SUMIFS('생판재-러닝(ST)'!$BJ$4:$BJ$5000,'생판재-러닝(ST)'!$H$4:$H$5000,종합!$F32,'생판재-러닝(ST)'!$D$4:$D$5000,"가을(러닝)")+ SUMIFS('생판재-러닝(ST)'!$BJ$4:$BJ$5000,'생판재-러닝(ST)'!$H$4:$H$5000,종합!$F32,'생판재-러닝(ST)'!$D$4:$D$5000,"겨울(러닝)") -> 616000 | BZ32: =IFERROR(1-(BX32/BW32),"") -> 0.31126228 | CA32: =SUMIFS('생판재-러닝(ST)'!$BC$4:$BC$5000,'생판재-러닝(ST)'!$H$4:$H$5000,종합!$F32,'생판재-러닝(ST)'!$D$4:$D$5000,"가을(러닝)")+ SUMIFS('생판재-러닝(ST)'!$BC$4:$BC$5000,'생판재-러닝(ST)'!$H$4:$H$5000,종합!$F32,'생판재-러닝(ST)'!$D$4:$D$5000,"겨울(러닝)") -> 14 | CB32: =SUMIFS('생판재-러닝(ST)'!$BE$4:$BE$5000,'생판재-러닝(ST)'!$H$4:$H$5000,종합!$F32,'생판재-러닝(ST)'!$D$4:$D$5000,"가을(러닝)")+ SUMIFS('생판재-러닝(ST)'!$BE$4:$BE$5000,'생판재-러닝(ST)'!$H$4:$H$5000,종합!$F32,'생판재-러닝(ST)'!$D$4:$D$5000,"겨울(러닝)") -> 1822400 | CE32: OUTER | CF32: JP | CG32: 점퍼 | CH32: =COUNTIFS('시점재고(~26.07.31, 생판재)'!$H$4:$H$5000,종합!$CG32) -> 3 | CJ32: =SUMIFS('시점재고(~26.07.31, 생판재)'!$BM$4:$BM$5000,'시점재고(~26.07.31, 생판재)'!$H$4:$H$5000,종합!$CG32) -> 458 | CK32: =SUMIFS('생판재-러닝(ST)'!$BG$4:$BG$5000,'생판재-러닝(ST)'!$H$4:$H$5000,종합!$CG32,'생판재-러닝(ST)'!$D$4:$D$5000,"<>가을(러닝)",'생판재-러닝(ST)'!$D$4:$D$5000,"<>겨울(러닝)")-( SUMIFS('시점재고(~26.07.31, 생판재)'!$BG$4:$BG$5000,'시점재고(~26.07.31, 생판재)'!$H$4:$H$5000,종합!CG32)) -> 25 | CL32: =IFERROR(CK32/#REF!,"") | CM32: =SUMIFS('생판재-러닝(ST)'!$BH$4:$BH$5000,'생판재-러닝(ST)'!$H$4:$H$5000,종합!$F32,'생판재-러닝(ST)'!$D$4:$D$5000,"<>가을(러닝)",'생판재-러닝(ST)'!$D$4:$D$5000,"<>겨울(러닝)")-( SUMIFS('시점재고(~26.07.31, 생판재)'!$BH$4:$BH$5000,'시점재고(~26.07.31, 생판재)'!$H$4:$H$5000,종합!$F32)) -> 3925000 | CN32: =SUMIFS('생판재-러닝(ST)'!$BI$4:$BI$5000,'생판재-러닝(ST)'!$H$4:$H$5000,종합!$F32,'생판재-러닝(ST)'!$D$4:$D$5000,"<>가을(러닝)",'생판재-러닝(ST)'!$D$4:$D$5000,"<>겨울(러닝)")-( SUMIFS('시점재고(~26.07.31, 생판재)'!$BI$4:$BI$5000,'시점재고(~26.07.31, 생판재)'!$H$4:$H$5000,종합!$F32)) -> 2757460 | CO32: =SUMIFS('생판재-러닝(ST)'!$BJ$4:$BJ$5000,'생판재-러닝(ST)'!$H$4:$H$5000,종합!$F32,'생판재-러닝(ST)'!$D$4:$D$5000,"<>가을(러닝)",'생판재-러닝(ST)'!$D$4:$D$5000,"<>겨울(러닝)")-( SUMIFS('시점재고(~26.07.31, 생판재)'!$BJ$4:$BJ$5000,'시점재고(~26.07.31, 생판재)'!$H$4:$H$5000,종합!$F32)) -> 945000 | CP32: =IFERROR(1-(CN32/CM32),"") -> 0.29746242 | CQ32: =SUMIFS('생판재-러닝(ST)'!$BC$4:$BC$5000,'생판재-러닝(ST)'!$H$4:$H$5000,종합!$F32,'생판재-러닝(ST)'!$D$4:$D$5000,"<>가을(러닝)",'생판재-러닝(ST)'!$D$4:$D$5000,"<>겨울(러닝)") -> 2 | CR32: =SUMIFS('생판재-러닝(ST)'!$BE$4:$BE$5000,'생판재-러닝(ST)'!$H$4:$H$5000,종합!$F32,'생판재-러닝(ST)'!$D$4:$D$5000,"<>가을(러닝)",'생판재-러닝(ST)'!$D$4:$D$5000,"<>겨울(러닝)") -> 274760
D33: OUTER | E33: KV | F33: 니트베스트 | G33: =SUMIF('주간판매-26FW(CO)'!$I:$I,종합!$F33,'주간판매-26FW(CO)'!$P:$P) -> 3 | H33: =COUNTIF('주간판매-26FW(CO)'!$I:$I,종합!$F33) -> 8 | I33: =SUMIFS('주간판매-26FW(CO)'!$R$4:$R$5000,'주간판매-26FW(CO)'!$I$4:$I$5000,종합!$F33) -> 4260 | J33: =SUMIFS('주간판매-26FW(CO)'!$P$4:$P$5000,'주간판매-26FW(CO)'!$I$4:$I$5000,종합!$F33,'주간판매-26FW(CO)'!$V$4:$V$5000,">0") -> 3 | K33: =COUNTIFS('주간판매-26FW(CO)'!$I$4:$I$5000,종합!$F33,'주간판매-26FW(CO)'!$V$4:$V$5000,">0") -> 8 | L33: =SUMIFS('주간판매-26FW(CO)'!$V$4:$V$5000,'주간판매-26FW(CO)'!$I$4:$I$5000,종합!$F33) -> 4262 | M33: =IFERROR(L33/I33,"") -> 1.0004695 | N33: =SUMIFS('생판재-26FW(ST)'!$AI$4:$AI$5000,'생판재-26FW(ST)'!$H$4:$H$5000,종합!$F33) -> 53450000 | O33: =SUMIFS('생판재-26FW(ST)'!$AR$4:$AR$5000,'생판재-26FW(ST)'!$H$4:$H$5000,종합!$F33) -> 53523700 | P33: =O33/O$66 -> 0.024302324 | Q33: =SUMIFS('생판재-26FW(ST)'!$AQ$4:$AQ$5000,'생판재-26FW(ST)'!$H$4:$H$5000,종합!$F33) -> 215923000 | R33: =Q33/Q$66 -> 0.023358785 | S33: =IFERROR(Q33/O33/1.1,"") -> 3.6674153 | T33: =SUMIFS('생판재-26FW(ST)'!$BG$4:$BG$5000,'생판재-26FW(ST)'!$H$4:$H$5000,종합!$F33) -> 241 | U33: =IFERROR(T33/L33,"") -> 0.056546222 | V33: =SUMIFS('생판재-26FW(ST)'!$BH$4:$BH$5000,'생판재-26FW(ST)'!$H$4:$H$5000,종합!$F33) -> 12699000 | W33: =SUMIFS('생판재-26FW(ST)'!$BI$4:$BI$5000,'생판재-26FW(ST)'!$H$4:$H$5000,종합!$F33) -> 9907719 | X33: =SUMIFS('생판재-26FW(ST)'!$BJ$4:$BJ$5000,'생판재-26FW(ST)'!$H$4:$H$5000,종합!$F33) -> 3291900 | Y33: =IFERROR(1-(W33/V33),"") -> 0.21980321 | Z33: =SUMIFS('생판재-26FW(ST)'!$BC$4:$BC$5000,'생판재-26FW(ST)'!$H$4:$H$5000,종합!$F33) -> 141 | AA33: =SUMIFS('생판재-26FW(ST)'!$BE$4:$BE$5000,'생판재-26FW(ST)'!$H$4:$H$5000,종합!$F33) -> 5721049 | AD33: OUTER | AE33: KV | AF33: 니트베스트 | AG33: =AG76+AG117 -> 5 | AH33: =AH76+AH117 -> 0 | AI33: =AI76+AI117 -> 9009 | AJ33: =AJ76+AJ117 -> 3 | AK33: =AK76+AK117 -> 0 | AL33: =AL76+AL117 -> 4805 | AM33: =IFERROR(AL33/AI33,"") -> 0.53335553 | AN33: =AN76+AN117 -> 106238600 | AO33: =AO76+AO117 -> 54877500 | AP33: =AO33/AO$109 -> 0.025263449 | AQ33: =AQ76+AQ117 -> 210303000 | AR33: =AQ33/AQ$109 -> 0.022452653 | AS33: =IFERROR(AQ33/AO33/1.1,"") -> 3.4838421 | AT33: =AT76+AT117 -> 1036 | AU33: =IFERROR(AT33/AL33,"") -> 0.21560874 | AV33: =AV76+AV117 -> 41163000 | AW33: =AW76+AW117 -> 31513336 | AX33: =AX76+AX117 -> 10839000 | AY33: =IFERROR(1-(AW33/AV33),"") -> 0.23442567 | AZ33: =AZ76+AZ117 -> 387 | BA33: =BA76+BA117 -> 13093700 | BE33: OUTER | BF33: KV | BG33: 니트베스트 | BH33: =SUMIFS('주간판매-러닝(CO)'!$P$4:$P$5000,'주간판매-러닝(CO)'!$I$4:$I$5000,종합!$BG33) -> 1 | BI33: =COUNTIFS('주간판매-러닝(CO)'!$I$4:$I$5000,종합!$BG33,'주간판매-러닝(CO)'!$E$4:$E$5000,"가을(러닝)")+ COUNTIFS('주간판매-러닝(CO)'!$I$4:$I$5000,종합!$BG33,'주간판매-러닝(CO)'!$E$4:$E$5000,"겨울(러닝)") -> 4 | BJ33: =SUMIFS('주간판매-러닝(CO)'!$R$4:$R$5000,'주간판매-러닝(CO)'!$I$4:$I$5000,종합!$F33,'주간판매-러닝(CO)'!$E$4:$E$5000,"가을(러닝)")+ SUMIFS('주간판매-러닝(CO)'!$R$4:$R$5000,'주간판매-러닝(CO)'!$I$4:$I$5000,종합!$F33,'주간판매-러닝(CO)'!$E$4:$E$5000,"겨울(러닝)") -> 6500 | BK33: =COUNTIFS('주간판매-러닝(CO)'!$P$4:$P$5000,"A",'주간판매-러닝(CO)'!$I$4:$I$5000,종합!$F33,'주간판매-러닝(CO)'!$V$4:$V$5000,">0",'주간판매-러닝(CO)'!$E$4:$E$5000,"가을(러닝)")+ COUNTIFS('주간판매-러닝(CO)'!$P$4:$P$5000,"A",'주간판매-러닝(CO)'!$I$4:$I$5000,종합!$F33,'주간판매-러닝(CO)'!$V$4:$V$5000,">0",'주간판매-러닝(CO)'!$E$4:$E$5000,"겨울(러닝)") -> 1 | BL33: =COUNTIFS('주간판매-러닝(CO)'!$I$4:$I$5000,종합!$F33,'주간판매-러닝(CO)'!$V$4:$V$5000,">0",'주간판매-러닝(CO)'!$E$4:$E$5000,"가을(러닝)")+ COUNTIFS('주간판매-러닝(CO)'!$I$4:$I$5000,종합!$F33,'주간판매-러닝(CO)'!$V$4:$V$5000,">0",'주간판매-러닝(CO)'!$E$4:$E$5000,"겨울(러닝)") -> 4 | BM33: =SUMIFS('주간판매-러닝(CO)'!$V$4:$V$5000,'주간판매-러닝(CO)'!$I$4:$I$5000,종합!$F33,'주간판매-러닝(CO)'!$E$4:$E$5000,"가을(러닝)")+ SUMIFS('주간판매-러닝(CO)'!$V$4:$V$5000,'주간판매-러닝(CO)'!$I$4:$I$5000,종합!$F33,'주간판매-러닝(CO)'!$E$4:$E$5000,"겨울(러닝)") -> 3538 | BN33: =IFERROR(BM33/BJ33,"") -> 0.54430769 | BO33: =SUMIFS('생판재-러닝(ST)'!$AI$4:$AI$5000,'생판재-러닝(ST)'!$H$4:$H$5000,종합!$F33,'생판재-러닝(ST)'!$D$4:$D$5000,"가을(러닝)")+ SUMIFS('생판재-러닝(ST)'!$AI$4:$AI$5000,'생판재-러닝(ST)'!$H$4:$H$5000,종합!$F33,'생판재-러닝(ST)'!$D$4:$D$5000,"겨울(러닝)") -> 70200000 | BP33: =SUMIFS('생판재-러닝(ST)'!$AR$4:$AR$5000,'생판재-러닝(ST)'!$H$4:$H$5000,종합!$F33,'생판재-러닝(ST)'!$D$4:$D$5000,"가을(러닝)")+ SUMIFS('생판재-러닝(ST)'!$AR$4:$AR$5000,'생판재-러닝(ST)'!$H$4:$H$5000,종합!$F33,'생판재-러닝(ST)'!$D$4:$D$5000,"겨울(러닝)") -> 38210400 | BQ33: =BP33/BP$66 -> 0.012472895 | BR33: =SUMIFS('생판재-러닝(ST)'!$AQ$4:$AQ$5000,'생판재-러닝(ST)'!$H$4:$H$5000,종합!$F33,'생판재-러닝(ST)'!$D$4:$D$5000,"가을(러닝)")+ SUMIFS('생판재-러닝(ST)'!$AQ$4:$AQ$5000,'생판재-러닝(ST)'!$H$4:$H$5000,종합!$F33,'생판재-러닝(ST)'!$D$4:$D$5000,"겨울(러닝)") -> 137982000 | BS33: =BR33/BR$66 -> 0.010149783 | BT33: =IFERROR(BR33/BP33/1.1,"") -> 3.2828283 | BU33: =SUMIFS('생판재-러닝(ST)'!$BG$4:$BG$5000,'생판재-러닝(ST)'!$H$4:$H$5000,종합!$F33,'생판재-러닝(ST)'!$D$4:$D$5000,"가을(러닝)")+ SUMIFS('생판재-러닝(ST)'!$BG$4:$BG$5000,'생판재-러닝(ST)'!$H$4:$H$5000,종합!$F33,'생판재-러닝(ST)'!$D$4:$D$5000,"겨울(러닝)") -> 1545 | BV33: =IFERROR(BU33/BM33,"") -> 0.43668739 | BW33: =SUMIFS('생판재-러닝(ST)'!$BH$4:$BH$5000,'생판재-러닝(ST)'!$H$4:$H$5000,종합!$F33,'생판재-러닝(ST)'!$D$4:$D$5000,"가을(러닝)")+ SUMIFS('생판재-러닝(ST)'!$BH$4:$BH$5000,'생판재-러닝(ST)'!$H$4:$H$5000,종합!$F33,'생판재-러닝(ST)'!$D$4:$D$5000,"겨울(러닝)") -> 60255000 | BX33: =SUMIFS('생판재-러닝(ST)'!$BI$4:$BI$5000,'생판재-러닝(ST)'!$H$4:$H$5000,종합!$F33,'생판재-러닝(ST)'!$D$4:$D$5000,"가을(러닝)")+ SUMIFS('생판재-러닝(ST)'!$BI$4:$BI$5000,'생판재-러닝(ST)'!$H$4:$H$5000,종합!$F33,'생판재-러닝(ST)'!$D$4:$D$5000,"겨울(러닝)") -> 49799504 | BY33: =SUMIFS('생판재-러닝(ST)'!$BJ$4:$BJ$5000,'생판재-러닝(ST)'!$H$4:$H$5000,종합!$F33,'생판재-러닝(ST)'!$D$4:$D$5000,"가을(러닝)")+ SUMIFS('생판재-러닝(ST)'!$BJ$4:$BJ$5000,'생판재-러닝(ST)'!$H$4:$H$5000,종합!$F33,'생판재-러닝(ST)'!$D$4:$D$5000,"겨울(러닝)") -> 16686000 | BZ33: =IFERROR(1-(BX33/BW33),"") -> 0.1735208 | CA33: =SUMIFS('생판재-러닝(ST)'!$BC$4:$BC$5000,'생판재-러닝(ST)'!$H$4:$H$5000,종합!$F33,'생판재-러닝(ST)'!$D$4:$D$5000,"가을(러닝)")+ SUMIFS('생판재-러닝(ST)'!$BC$4:$BC$5000,'생판재-러닝(ST)'!$H$4:$H$5000,종합!$F33,'생판재-러닝(ST)'!$D$4:$D$5000,"겨울(러닝)") -> 1088 | CB33: =SUMIFS('생판재-러닝(ST)'!$BE$4:$BE$5000,'생판재-러닝(ST)'!$H$4:$H$5000,종합!$F33,'생판재-러닝(ST)'!$D$4:$D$5000,"가을(러닝)")+ SUMIFS('생판재-러닝(ST)'!$BE$4:$BE$5000,'생판재-러닝(ST)'!$H$4:$H$5000,종합!$F33,'생판재-러닝(ST)'!$D$4:$D$5000,"겨울(러닝)") -> 35676040 | CE33: OUTER | CF33: KV | CG33: 니트베스트 | CH33: =COUNTIFS('시점재고(~26.07.31, 생판재)'!$H$4:$H$5000,종합!$CG33) -> 1 | CJ33: =SUMIFS('시점재고(~26.07.31, 생판재)'!$BM$4:$BM$5000,'시점재고(~26.07.31, 생판재)'!$H$4:$H$5000,종합!$CG33) -> 270 | CK33: =SUMIFS('생판재-러닝(ST)'!$BG$4:$BG$5000,'생판재-러닝(ST)'!$H$4:$H$5000,종합!$CG33,'생판재-러닝(ST)'!$D$4:$D$5000,"<>가을(러닝)",'생판재-러닝(ST)'!$D$4:$D$5000,"<>겨울(러닝)")-( SUMIFS('시점재고(~26.07.31, 생판재)'!$BG$4:$BG$5000,'시점재고(~26.07.31, 생판재)'!$H$4:$H$5000,종합!CG33)) -> 15 | CL33: =IFERROR(CK33/#REF!,"") | CM33: =SUMIFS('생판재-러닝(ST)'!$BH$4:$BH$5000,'생판재-러닝(ST)'!$H$4:$H$5000,종합!$F33,'생판재-러닝(ST)'!$D$4:$D$5000,"<>가을(러닝)",'생판재-러닝(ST)'!$D$4:$D$5000,"<>겨울(러닝)")-( SUMIFS('시점재고(~26.07.31, 생판재)'!$BH$4:$BH$5000,'시점재고(~26.07.31, 생판재)'!$H$4:$H$5000,종합!$F33)) -> 585000 | CN33: =SUMIFS('생판재-러닝(ST)'!$BI$4:$BI$5000,'생판재-러닝(ST)'!$H$4:$H$5000,종합!$F33,'생판재-러닝(ST)'!$D$4:$D$5000,"<>가을(러닝)",'생판재-러닝(ST)'!$D$4:$D$5000,"<>겨울(러닝)")-( SUMIFS('시점재고(~26.07.31, 생판재)'!$BI$4:$BI$5000,'시점재고(~26.07.31, 생판재)'!$H$4:$H$5000,종합!$F33)) -> 529000 | CO33: =SUMIFS('생판재-러닝(ST)'!$BJ$4:$BJ$5000,'생판재-러닝(ST)'!$H$4:$H$5000,종합!$F33,'생판재-러닝(ST)'!$D$4:$D$5000,"<>가을(러닝)",'생판재-러닝(ST)'!$D$4:$D$5000,"<>겨울(러닝)")-( SUMIFS('시점재고(~26.07.31, 생판재)'!$BJ$4:$BJ$5000,'시점재고(~26.07.31, 생판재)'!$H$4:$H$5000,종합!$F33)) -> 148500 | CP33: =IFERROR(1-(CN33/CM33),"") -> 0.095726496 | CQ33: =SUMIFS('생판재-러닝(ST)'!$BC$4:$BC$5000,'생판재-러닝(ST)'!$H$4:$H$5000,종합!$F33,'생판재-러닝(ST)'!$D$4:$D$5000,"<>가을(러닝)",'생판재-러닝(ST)'!$D$4:$D$5000,"<>겨울(러닝)") -> 11 | CR33: =SUMIFS('생판재-러닝(ST)'!$BE$4:$BE$5000,'생판재-러닝(ST)'!$H$4:$H$5000,종합!$F33,'생판재-러닝(ST)'!$D$4:$D$5000,"<>가을(러닝)",'생판재-러닝(ST)'!$D$4:$D$5000,"<>겨울(러닝)") -> 381000
D34: OUTER | E34: WV | F34: 우븐베스트 | G34: =SUMIF('주간판매-26FW(CO)'!$I:$I,종합!$F34,'주간판매-26FW(CO)'!$P:$P) -> 3 | H34: =COUNTIF('주간판매-26FW(CO)'!$I:$I,종합!$F34) -> 6 | I34: =SUMIFS('주간판매-26FW(CO)'!$R$4:$R$5000,'주간판매-26FW(CO)'!$I$4:$I$5000,종합!$F34) -> 2610 | J34: =SUMIFS('주간판매-26FW(CO)'!$P$4:$P$5000,'주간판매-26FW(CO)'!$I$4:$I$5000,종합!$F34,'주간판매-26FW(CO)'!$V$4:$V$5000,">0") -> 1 | K34: =COUNTIFS('주간판매-26FW(CO)'!$I$4:$I$5000,종합!$F34,'주간판매-26FW(CO)'!$V$4:$V$5000,">0") -> 1 | L34: =SUMIFS('주간판매-26FW(CO)'!$V$4:$V$5000,'주간판매-26FW(CO)'!$I$4:$I$5000,종합!$F34) -> 500 | M34: =IFERROR(L34/I34,"") -> 0.19157088 | N34: =SUMIFS('생판재-26FW(ST)'!$AI$4:$AI$5000,'생판재-26FW(ST)'!$H$4:$H$5000,종합!$F34) -> 97335000 | O34: =SUMIFS('생판재-26FW(ST)'!$AR$4:$AR$5000,'생판재-26FW(ST)'!$H$4:$H$5000,종합!$F34) -> 11750000 | P34: =O34/O$66 -> 0.0053350629 | Q34: =SUMIFS('생판재-26FW(ST)'!$AQ$4:$AQ$5000,'생판재-26FW(ST)'!$H$4:$H$5000,종합!$F34) -> 49500000 | R34: =Q34/Q$66 -> 0.0053549638 | S34: =IFERROR(Q34/O34/1.1,"") -> 3.8297872 | T34: =SUMIFS('생판재-26FW(ST)'!$BG$4:$BG$5000,'생판재-26FW(ST)'!$H$4:$H$5000,종합!$F34) -> 0 | U34: =IFERROR(T34/L34,"") -> 0 | V34: =SUMIFS('생판재-26FW(ST)'!$BH$4:$BH$5000,'생판재-26FW(ST)'!$H$4:$H$5000,종합!$F34) -> 0 | W34: =SUMIFS('생판재-26FW(ST)'!$BI$4:$BI$5000,'생판재-26FW(ST)'!$H$4:$H$5000,종합!$F34) -> 0 | X34: =SUMIFS('생판재-26FW(ST)'!$BJ$4:$BJ$5000,'생판재-26FW(ST)'!$H$4:$H$5000,종합!$F34) -> 0 | Y34: =IFERROR(1-(W34/V34),"") | Z34: =SUMIFS('생판재-26FW(ST)'!$BC$4:$BC$5000,'생판재-26FW(ST)'!$H$4:$H$5000,종합!$F34) -> 0 | AA34: =SUMIFS('생판재-26FW(ST)'!$BE$4:$BE$5000,'생판재-26FW(ST)'!$H$4:$H$5000,종합!$F34) -> 0 | AD34: OUTER | AE34: WV | AF34: 우븐베스트 | AG34: =AG77+AG118 -> 1 | AH34: =AH77+AH118 -> 0 | AI34: =AI77+AI118 -> 1775 | AJ34: =AJ77+AJ118 -> 1 | AK34: =AK77+AK118 -> 1 | AL34: =AL77+AL118 -> 0 | AM34: =IFERROR(AL34/AI34,"") -> 0 | AN34: =AN77+AN118 -> 59462500 | AO34: =AO77+AO118 -> 0 | AP34: =AO34/AO$109 -> 0 | AQ34: =AQ77+AQ118 -> 0 | AR34: =AQ34/AQ$109 -> 0 | AS34: =IFERROR(AQ34/AO34/1.1,"") | AT34: =AT77+AT118 -> 0 | AU34: =IFERROR(AT34/AL34,"") | AV34: =AV77+AV118 -> 0 | AW34: =AW77+AW118 -> 0 | AX34: =AX77+AX118 -> 0 | AY34: =IFERROR(1-(AW34/AV34),"") | AZ34: =AZ77+AZ118 -> 0 | BA34: =BA77+BA118 -> 0 | BE34: OUTER | BF34: WV | BG34: 우븐베스트 | BH34: =SUMIFS('주간판매-러닝(CO)'!$P$4:$P$5000,'주간판매-러닝(CO)'!$I$4:$I$5000,종합!$BG34) -> 0 | BI34: =COUNTIFS('주간판매-러닝(CO)'!$I$4:$I$5000,종합!$BG34,'주간판매-러닝(CO)'!$E$4:$E$5000,"가을(러닝)")+ COUNTIFS('주간판매-러닝(CO)'!$I$4:$I$5000,종합!$BG34,'주간판매-러닝(CO)'!$E$4:$E$5000,"겨울(러닝)") -> 0 | BJ34: =SUMIFS('주간판매-러닝(CO)'!$R$4:$R$5000,'주간판매-러닝(CO)'!$I$4:$I$5000,종합!$F34,'주간판매-러닝(CO)'!$E$4:$E$5000,"가을(러닝)")+ SUMIFS('주간판매-러닝(CO)'!$R$4:$R$5000,'주간판매-러닝(CO)'!$I$4:$I$5000,종합!$F34,'주간판매-러닝(CO)'!$E$4:$E$5000,"겨울(러닝)") -> 0 | BK34: =COUNTIFS('주간판매-러닝(CO)'!$P$4:$P$5000,"A",'주간판매-러닝(CO)'!$I$4:$I$5000,종합!$F34,'주간판매-러닝(CO)'!$V$4:$V$5000,">0",'주간판매-러닝(CO)'!$E$4:$E$5000,"가을(러닝)")+ COUNTIFS('주간판매-러닝(CO)'!$P$4:$P$5000,"A",'주간판매-러닝(CO)'!$I$4:$I$5000,종합!$F34,'주간판매-러닝(CO)'!$V$4:$V$5000,">0",'주간판매-러닝(CO)'!$E$4:$E$5000,"겨울(러닝)") -> 0 | BL34: =COUNTIFS('주간판매-러닝(CO)'!$I$4:$I$5000,종합!$F34,'주간판매-러닝(CO)'!$V$4:$V$5000,">0",'주간판매-러닝(CO)'!$E$4:$E$5000,"가을(러닝)")+ COUNTIFS('주간판매-러닝(CO)'!$I$4:$I$5000,종합!$F34,'주간판매-러닝(CO)'!$V$4:$V$5000,">0",'주간판매-러닝(CO)'!$E$4:$E$5000,"겨울(러닝)") -> 0 | BM34: =SUMIFS('주간판매-러닝(CO)'!$V$4:$V$5000,'주간판매-러닝(CO)'!$I$4:$I$5000,종합!$F34,'주간판매-러닝(CO)'!$E$4:$E$5000,"가을(러닝)")+ SUMIFS('주간판매-러닝(CO)'!$V$4:$V$5000,'주간판매-러닝(CO)'!$I$4:$I$5000,종합!$F34,'주간판매-러닝(CO)'!$E$4:$E$5000,"겨울(러닝)") -> 0 | BN34: =IFERROR(BM34/BJ34,"") | BO34: =SUMIFS('생판재-러닝(ST)'!$AI$4:$AI$5000,'생판재-러닝(ST)'!$H$4:$H$5000,종합!$F34,'생판재-러닝(ST)'!$D$4:$D$5000,"가을(러닝)")+ SUMIFS('생판재-러닝(ST)'!$AI$4:$AI$5000,'생판재-러닝(ST)'!$H$4:$H$5000,종합!$F34,'생판재-러닝(ST)'!$D$4:$D$5000,"겨울(러닝)") -> 0 | BP34: =SUMIFS('생판재-러닝(ST)'!$AR$4:$AR$5000,'생판재-러닝(ST)'!$H$4:$H$5000,종합!$F34,'생판재-러닝(ST)'!$D$4:$D$5000,"가을(러닝)")+ SUMIFS('생판재-러닝(ST)'!$AR$4:$AR$5000,'생판재-러닝(ST)'!$H$4:$H$5000,종합!$F34,'생판재-러닝(ST)'!$D$4:$D$5000,"겨울(러닝)") -> 0 | BQ34: =BP34/BP$66 -> 0 | BR34: =SUMIFS('생판재-러닝(ST)'!$AQ$4:$AQ$5000,'생판재-러닝(ST)'!$H$4:$H$5000,종합!$F34,'생판재-러닝(ST)'!$D$4:$D$5000,"가을(러닝)")+ SUMIFS('생판재-러닝(ST)'!$AQ$4:$AQ$5000,'생판재-러닝(ST)'!$H$4:$H$5000,종합!$F34,'생판재-러닝(ST)'!$D$4:$D$5000,"겨울(러닝)") -> 0 | BS34: =BR34/BR$66 -> 0 | BT34: =IFERROR(BR34/BP34/1.1,"") | BU34: =SUMIFS('생판재-러닝(ST)'!$BG$4:$BG$5000,'생판재-러닝(ST)'!$H$4:$H$5000,종합!$F34,'생판재-러닝(ST)'!$D$4:$D$5000,"가을(러닝)")+ SUMIFS('생판재-러닝(ST)'!$BG$4:$BG$5000,'생판재-러닝(ST)'!$H$4:$H$5000,종합!$F34,'생판재-러닝(ST)'!$D$4:$D$5000,"겨울(러닝)") -> 0 | BV34: =IFERROR(BU34/BM34,"") | BW34: =SUMIFS('생판재-러닝(ST)'!$BH$4:$BH$5000,'생판재-러닝(ST)'!$H$4:$H$5000,종합!$F34,'생판재-러닝(ST)'!$D$4:$D$5000,"가을(러닝)")+ SUMIFS('생판재-러닝(ST)'!$BH$4:$BH$5000,'생판재-러닝(ST)'!$H$4:$H$5000,종합!$F34,'생판재-러닝(ST)'!$D$4:$D$5000,"겨울(러닝)") -> 0 | BX34: =SUMIFS('생판재-러닝(ST)'!$BI$4:$BI$5000,'생판재-러닝(ST)'!$H$4:$H$5000,종합!$F34,'생판재-러닝(ST)'!$D$4:$D$5000,"가을(러닝)")+ SUMIFS('생판재-러닝(ST)'!$BI$4:$BI$5000,'생판재-러닝(ST)'!$H$4:$H$5000,종합!$F34,'생판재-러닝(ST)'!$D$4:$D$5000,"겨울(러닝)") -> 0 | BY34: =SUMIFS('생판재-러닝(ST)'!$BJ$4:$BJ$5000,'생판재-러닝(ST)'!$H$4:$H$5000,종합!$F34,'생판재-러닝(ST)'!$D$4:$D$5000,"가을(러닝)")+ SUMIFS('생판재-러닝(ST)'!$BJ$4:$BJ$5000,'생판재-러닝(ST)'!$H$4:$H$5000,종합!$F34,'생판재-러닝(ST)'!$D$4:$D$5000,"겨울(러닝)") -> 0 | BZ34: =IFERROR(1-(BX34/BW34),"") | CA34: =SUMIFS('생판재-러닝(ST)'!$BC$4:$BC$5000,'생판재-러닝(ST)'!$H$4:$H$5000,종합!$F34,'생판재-러닝(ST)'!$D$4:$D$5000,"가을(러닝)")+ SUMIFS('생판재-러닝(ST)'!$BC$4:$BC$5000,'생판재-러닝(ST)'!$H$4:$H$5000,종합!$F34,'생판재-러닝(ST)'!$D$4:$D$5000,"겨울(러닝)") -> 0 | CB34: =SUMIFS('생판재-러닝(ST)'!$BE$4:$BE$5000,'생판재-러닝(ST)'!$H$4:$H$5000,종합!$F34,'생판재-러닝(ST)'!$D$4:$D$5000,"가을(러닝)")+ SUMIFS('생판재-러닝(ST)'!$BE$4:$BE$5000,'생판재-러닝(ST)'!$H$4:$H$5000,종합!$F34,'생판재-러닝(ST)'!$D$4:$D$5000,"겨울(러닝)") -> 0 | CE34: OUTER | CF34: WV | CG34: 우븐베스트 | CH34: =COUNTIFS('시점재고(~26.07.31, 생판재)'!$H$4:$H$5000,종합!$CG34) -> 0 | CJ34: =SUMIFS('시점재고(~26.07.31, 생판재)'!$BM$4:$BM$5000,'시점재고(~26.07.31, 생판재)'!$H$4:$H$5000,종합!$CG34) -> 0 | CK34: =SUMIFS('생판재-러닝(ST)'!$BG$4:$BG$5000,'생판재-러닝(ST)'!$H$4:$H$5000,종합!$CG34,'생판재-러닝(ST)'!$D$4:$D$5000,"<>가을(러닝)",'생판재-러닝(ST)'!$D$4:$D$5000,"<>겨울(러닝)")-( SUMIFS('시점재고(~26.07.31, 생판재)'!$BG$4:$BG$5000,'시점재고(~26.07.31, 생판재)'!$H$4:$H$5000,종합!CG34)) -> 0 | CL34: =IFERROR(CK34/#REF!,"") | CM34: =SUMIFS('생판재-러닝(ST)'!$BH$4:$BH$5000,'생판재-러닝(ST)'!$H$4:$H$5000,종합!$F34,'생판재-러닝(ST)'!$D$4:$D$5000,"<>가을(러닝)",'생판재-러닝(ST)'!$D$4:$D$5000,"<>겨울(러닝)")-( SUMIFS('시점재고(~26.07.31, 생판재)'!$BH$4:$BH$5000,'시점재고(~26.07.31, 생판재)'!$H$4:$H$5000,종합!$F34)) -> 0 | CN34: =SUMIFS('생판재-러닝(ST)'!$BI$4:$BI$5000,'생판재-러닝(ST)'!$H$4:$H$5000,종합!$F34,'생판재-러닝(ST)'!$D$4:$D$5000,"<>가을(러닝)",'생판재-러닝(ST)'!$D$4:$D$5000,"<>겨울(러닝)")-( SUMIFS('시점재고(~26.07.31, 생판재)'!$BI$4:$BI$5000,'시점재고(~26.07.31, 생판재)'!$H$4:$H$5000,종합!$F34)) -> 0 | CO34: =SUMIFS('생판재-러닝(ST)'!$BJ$4:$BJ$5000,'생판재-러닝(ST)'!$H$4:$H$5000,종합!$F34,'생판재-러닝(ST)'!$D$4:$D$5000,"<>가을(러닝)",'생판재-러닝(ST)'!$D$4:$D$5000,"<>겨울(러닝)")-( SUMIFS('시점재고(~26.07.31, 생판재)'!$BJ$4:$BJ$5000,'시점재고(~26.07.31, 생판재)'!$H$4:$H$5000,종합!$F34)) -> 0 | CP34: =IFERROR(1-(CN34/CM34),"") | CQ34: =SUMIFS('생판재-러닝(ST)'!$BC$4:$BC$5000,'생판재-러닝(ST)'!$H$4:$H$5000,종합!$F34,'생판재-러닝(ST)'!$D$4:$D$5000,"<>가을(러닝)",'생판재-러닝(ST)'!$D$4:$D$5000,"<>겨울(러닝)") -> 0 | CR34: =SUMIFS('생판재-러닝(ST)'!$BE$4:$BE$5000,'생판재-러닝(ST)'!$H$4:$H$5000,종합!$F34,'생판재-러닝(ST)'!$D$4:$D$5000,"<>가을(러닝)",'생판재-러닝(ST)'!$D$4:$D$5000,"<>겨울(러닝)") -> 0
D35: OUTER | G35: =SUMIF('주간판매-26FW(CO)'!$I:$I,종합!$F35,'주간판매-26FW(CO)'!$P:$P) -> 0 | H35: =COUNTIF('주간판매-26FW(CO)'!$I:$I,종합!$F35) -> 0 | I35: =SUMIFS('주간판매-26FW(CO)'!$R$4:$R$5000,'주간판매-26FW(CO)'!$I$4:$I$5000,종합!$F35) -> 0 | J35: =SUMIFS('주간판매-26FW(CO)'!$P$4:$P$5000,'주간판매-26FW(CO)'!$I$4:$I$5000,종합!$F35,'주간판매-26FW(CO)'!$V$4:$V$5000,">0") -> 0 | K35: =COUNTIFS('주간판매-26FW(CO)'!$I$4:$I$5000,종합!$F35,'주간판매-26FW(CO)'!$V$4:$V$5000,">0") -> 0 | L35: =SUMIFS('주간판매-26FW(CO)'!$V$4:$V$5000,'주간판매-26FW(CO)'!$I$4:$I$5000,종합!$F35) -> 0 | M35: =IFERROR(L35/I35,"") | N35: =SUMIFS('생판재-26FW(ST)'!$AI$4:$AI$5000,'생판재-26FW(ST)'!$H$4:$H$5000,종합!$F35) -> 0 | O35: =SUMIFS('생판재-26FW(ST)'!$AR$4:$AR$5000,'생판재-26FW(ST)'!$H$4:$H$5000,종합!$F35) -> 0 | P35: =O35/O$66 -> 0 | Q35: =SUMIFS('생판재-26FW(ST)'!$AQ$4:$AQ$5000,'생판재-26FW(ST)'!$H$4:$H$5000,종합!$F35) -> 0 | R35: =Q35/Q$66 -> 0 | S35: =IFERROR(Q35/O35/1.1,"") | T35: =SUMIFS('생판재-26FW(ST)'!$BG$4:$BG$5000,'생판재-26FW(ST)'!$H$4:$H$5000,종합!$F35) -> 0 | U35: =IFERROR(T35/L35,"") | V35: =SUMIFS('생판재-26FW(ST)'!$BH$4:$BH$5000,'생판재-26FW(ST)'!$H$4:$H$5000,종합!$F35) -> 0 | W35: =SUMIFS('생판재-26FW(ST)'!$BI$4:$BI$5000,'생판재-26FW(ST)'!$H$4:$H$5000,종합!$F35) -> 0 | X35: =SUMIFS('생판재-26FW(ST)'!$BJ$4:$BJ$5000,'생판재-26FW(ST)'!$H$4:$H$5000,종합!$F35) -> 0 | Y35: =IFERROR(1-(W35/V35),"") | Z35: =SUMIFS('생판재-26FW(ST)'!$BC$4:$BC$5000,'생판재-26FW(ST)'!$H$4:$H$5000,종합!$F35) -> 0 | AA35: =SUMIFS('생판재-26FW(ST)'!$BE$4:$BE$5000,'생판재-26FW(ST)'!$H$4:$H$5000,종합!$F35) -> 0 | AD35: OUTER | AG35: =AG78+AG119 -> 2 | AH35: =AH78+AH119 -> 0 | AI35: =AI78+AI119 -> 2420 | AJ35: =AJ78+AJ119 -> 1 | AK35: =AK78+AK119 -> 0 | AL35: =AL78+AL119 -> 1760 | AM35: =IFERROR(AL35/AI35,"") -> 0.72727273 | AN35: =AN78+AN119 -> 89778000 | AO35: =AO78+AO119 -> 67760000 | AP35: =AO35/AO$109 -> 0.031194047 | AQ35: =AQ78+AQ119 -> 285120000 | AR35: =AQ35/AQ$109 -> 0.030440367 | AS35: =IFERROR(AQ35/AO35/1.1,"") -> 3.8252656 | AT35: =AT78+AT119 -> 83 | AU35: =IFERROR(AT35/AL35,"") -> 0.047159091 | AV35: =AV78+AV119 -> 13446000 | AW35: =AW78+AW119 -> 5511665 | AX35: =AX78+AX119 -> 3195500 | AY35: =IFERROR(1-(AW35/AV35),"") -> 0.59008887 | AZ35: =AZ78+AZ119 -> 43 | BA35: =BA78+BA119 -> 3196615 | BE35: OUTER | BH35: =SUMIFS('주간판매-러닝(CO)'!$P$4:$P$5000,'주간판매-러닝(CO)'!$I$4:$I$5000,종합!$BG35) -> 0 | BI35: =COUNTIFS('주간판매-러닝(CO)'!$I$4:$I$5000,종합!$BG35,'주간판매-러닝(CO)'!$E$4:$E$5000,"가을(러닝)")+ COUNTIFS('주간판매-러닝(CO)'!$I$4:$I$5000,종합!$BG35,'주간판매-러닝(CO)'!$E$4:$E$5000,"겨울(러닝)") -> 0 | BJ35: =SUMIFS('주간판매-러닝(CO)'!$R$4:$R$5000,'주간판매-러닝(CO)'!$I$4:$I$5000,종합!$F35,'주간판매-러닝(CO)'!$E$4:$E$5000,"가을(러닝)")+ SUMIFS('주간판매-러닝(CO)'!$R$4:$R$5000,'주간판매-러닝(CO)'!$I$4:$I$5000,종합!$F35,'주간판매-러닝(CO)'!$E$4:$E$5000,"겨울(러닝)") -> 0 | BK35: =COUNTIFS('주간판매-러닝(CO)'!$P$4:$P$5000,"A",'주간판매-러닝(CO)'!$I$4:$I$5000,종합!$F35,'주간판매-러닝(CO)'!$V$4:$V$5000,">0",'주간판매-러닝(CO)'!$E$4:$E$5000,"가을(러닝)")+ COUNTIFS('주간판매-러닝(CO)'!$P$4:$P$5000,"A",'주간판매-러닝(CO)'!$I$4:$I$5000,종합!$F35,'주간판매-러닝(CO)'!$V$4:$V$5000,">0",'주간판매-러닝(CO)'!$E$4:$E$5000,"겨울(러닝)") -> 0 | BL35: =COUNTIFS('주간판매-러닝(CO)'!$I$4:$I$5000,종합!$F35,'주간판매-러닝(CO)'!$V$4:$V$5000,">0",'주간판매-러닝(CO)'!$E$4:$E$5000,"가을(러닝)")+ COUNTIFS('주간판매-러닝(CO)'!$I$4:$I$5000,종합!$F35,'주간판매-러닝(CO)'!$V$4:$V$5000,">0",'주간판매-러닝(CO)'!$E$4:$E$5000,"겨울(러닝)") -> 0 | BM35: =SUMIFS('주간판매-러닝(CO)'!$V$4:$V$5000,'주간판매-러닝(CO)'!$I$4:$I$5000,종합!$F35,'주간판매-러닝(CO)'!$E$4:$E$5000,"가을(러닝)")+ SUMIFS('주간판매-러닝(CO)'!$V$4:$V$5000,'주간판매-러닝(CO)'!$I$4:$I$5000,종합!$F35,'주간판매-러닝(CO)'!$E$4:$E$5000,"겨울(러닝)") -> 0 | BN35: =IFERROR(BM35/BJ35,"") | BO35: =SUMIFS('생판재-러닝(ST)'!$AI$4:$AI$5000,'생판재-러닝(ST)'!$H$4:$H$5000,종합!$F35,'생판재-러닝(ST)'!$D$4:$D$5000,"가을(러닝)")+ SUMIFS('생판재-러닝(ST)'!$AI$4:$AI$5000,'생판재-러닝(ST)'!$H$4:$H$5000,종합!$F35,'생판재-러닝(ST)'!$D$4:$D$5000,"겨울(러닝)") -> 0 | BP35: =SUMIFS('생판재-러닝(ST)'!$AR$4:$AR$5000,'생판재-러닝(ST)'!$H$4:$H$5000,종합!$F35,'생판재-러닝(ST)'!$D$4:$D$5000,"가을(러닝)")+ SUMIFS('생판재-러닝(ST)'!$AR$4:$AR$5000,'생판재-러닝(ST)'!$H$4:$H$5000,종합!$F35,'생판재-러닝(ST)'!$D$4:$D$5000,"겨울(러닝)") -> 0 | BQ35: =BP35/BP$66 -> 0 | BR35: =SUMIFS('생판재-러닝(ST)'!$AQ$4:$AQ$5000,'생판재-러닝(ST)'!$H$4:$H$5000,종합!$F35,'생판재-러닝(ST)'!$D$4:$D$5000,"가을(러닝)")+ SUMIFS('생판재-러닝(ST)'!$AQ$4:$AQ$5000,'생판재-러닝(ST)'!$H$4:$H$5000,종합!$F35,'생판재-러닝(ST)'!$D$4:$D$5000,"겨울(러닝)") -> 0 | BS35: =BR35/BR$66 -> 0 | BT35: =IFERROR(BR35/BP35/1.1,"") | BU35: =SUMIFS('생판재-러닝(ST)'!$BG$4:$BG$5000,'생판재-러닝(ST)'!$H$4:$H$5000,종합!$F35,'생판재-러닝(ST)'!$D$4:$D$5000,"가을(러닝)")+ SUMIFS('생판재-러닝(ST)'!$BG$4:$BG$5000,'생판재-러닝(ST)'!$H$4:$H$5000,종합!$F35,'생판재-러닝(ST)'!$D$4:$D$5000,"겨울(러닝)") -> 0 | BV35: =IFERROR(BU35/BM35,"") | BW35: =SUMIFS('생판재-러닝(ST)'!$BH$4:$BH$5000,'생판재-러닝(ST)'!$H$4:$H$5000,종합!$F35,'생판재-러닝(ST)'!$D$4:$D$5000,"가을(러닝)")+ SUMIFS('생판재-러닝(ST)'!$BH$4:$BH$5000,'생판재-러닝(ST)'!$H$4:$H$5000,종합!$F35,'생판재-러닝(ST)'!$D$4:$D$5000,"겨울(러닝)") -> 0 | BX35: =SUMIFS('생판재-러닝(ST)'!$BI$4:$BI$5000,'생판재-러닝(ST)'!$H$4:$H$5000,종합!$F35,'생판재-러닝(ST)'!$D$4:$D$5000,"가을(러닝)")+ SUMIFS('생판재-러닝(ST)'!$BI$4:$BI$5000,'생판재-러닝(ST)'!$H$4:$H$5000,종합!$F35,'생판재-러닝(ST)'!$D$4:$D$5000,"겨울(러닝)") -> 0 | BY35: =SUMIFS('생판재-러닝(ST)'!$BJ$4:$BJ$5000,'생판재-러닝(ST)'!$H$4:$H$5000,종합!$F35,'생판재-러닝(ST)'!$D$4:$D$5000,"가을(러닝)")+ SUMIFS('생판재-러닝(ST)'!$BJ$4:$BJ$5000,'생판재-러닝(ST)'!$H$4:$H$5000,종합!$F35,'생판재-러닝(ST)'!$D$4:$D$5000,"겨울(러닝)") -> 0 | BZ35: =IFERROR(1-(BX35/BW35),"") | CA35: =SUMIFS('생판재-러닝(ST)'!$BC$4:$BC$5000,'생판재-러닝(ST)'!$H$4:$H$5000,종합!$F35,'생판재-러닝(ST)'!$D$4:$D$5000,"가을(러닝)")+ SUMIFS('생판재-러닝(ST)'!$BC$4:$BC$5000,'생판재-러닝(ST)'!$H$4:$H$5000,종합!$F35,'생판재-러닝(ST)'!$D$4:$D$5000,"겨울(러닝)") -> 0 | CB35: =SUMIFS('생판재-러닝(ST)'!$BE$4:$BE$5000,'생판재-러닝(ST)'!$H$4:$H$5000,종합!$F35,'생판재-러닝(ST)'!$D$4:$D$5000,"가을(러닝)")+ SUMIFS('생판재-러닝(ST)'!$BE$4:$BE$5000,'생판재-러닝(ST)'!$H$4:$H$5000,종합!$F35,'생판재-러닝(ST)'!$D$4:$D$5000,"겨울(러닝)") -> 0 | CE35: OUTER | CH35: =COUNTIFS('시점재고(~26.07.31, 생판재)'!$H$4:$H$5000,종합!$CG35) -> 0 | CJ35: =SUMIFS('시점재고(~26.07.31, 생판재)'!$BM$4:$BM$5000,'시점재고(~26.07.31, 생판재)'!$H$4:$H$5000,종합!$CG35) -> 0 | CK35: =SUMIFS('생판재-러닝(ST)'!$BG$4:$BG$5000,'생판재-러닝(ST)'!$H$4:$H$5000,종합!$CG35,'생판재-러닝(ST)'!$D$4:$D$5000,"<>가을(러닝)",'생판재-러닝(ST)'!$D$4:$D$5000,"<>겨울(러닝)")-( SUMIFS('시점재고(~26.07.31, 생판재)'!$BG$4:$BG$5000,'시점재고(~26.07.31, 생판재)'!$H$4:$H$5000,종합!CG35)) -> 0 | CL35: =IFERROR(CK35/#REF!,"") | CM35: =SUMIFS('생판재-러닝(ST)'!$BH$4:$BH$5000,'생판재-러닝(ST)'!$H$4:$H$5000,종합!$F35,'생판재-러닝(ST)'!$D$4:$D$5000,"<>가을(러닝)",'생판재-러닝(ST)'!$D$4:$D$5000,"<>겨울(러닝)")-( SUMIFS('시점재고(~26.07.31, 생판재)'!$BH$4:$BH$5000,'시점재고(~26.07.31, 생판재)'!$H$4:$H$5000,종합!$F35)) -> 0 | CN35: =SUMIFS('생판재-러닝(ST)'!$BI$4:$BI$5000,'생판재-러닝(ST)'!$H$4:$H$5000,종합!$F35,'생판재-러닝(ST)'!$D$4:$D$5000,"<>가을(러닝)",'생판재-러닝(ST)'!$D$4:$D$5000,"<>겨울(러닝)")-( SUMIFS('시점재고(~26.07.31, 생판재)'!$BI$4:$BI$5000,'시점재고(~26.07.31, 생판재)'!$H$4:$H$5000,종합!$F35)) -> 0 | CO35: =SUMIFS('생판재-러닝(ST)'!$BJ$4:$BJ$5000,'생판재-러닝(ST)'!$H$4:$H$5000,종합!$F35,'생판재-러닝(ST)'!$D$4:$D$5000,"<>가을(러닝)",'생판재-러닝(ST)'!$D$4:$D$5000,"<>겨울(러닝)")-( SUMIFS('시점재고(~26.07.31, 생판재)'!$BJ$4:$BJ$5000,'시점재고(~26.07.31, 생판재)'!$H$4:$H$5000,종합!$F35)) -> 0 | CP35: =IFERROR(1-(CN35/CM35),"") | CQ35: =SUMIFS('생판재-러닝(ST)'!$BC$4:$BC$5000,'생판재-러닝(ST)'!$H$4:$H$5000,종합!$F35,'생판재-러닝(ST)'!$D$4:$D$5000,"<>가을(러닝)",'생판재-러닝(ST)'!$D$4:$D$5000,"<>겨울(러닝)") -> 0 | CR35: =SUMIFS('생판재-러닝(ST)'!$BE$4:$BE$5000,'생판재-러닝(ST)'!$H$4:$H$5000,종합!$F35,'생판재-러닝(ST)'!$D$4:$D$5000,"<>가을(러닝)",'생판재-러닝(ST)'!$D$4:$D$5000,"<>겨울(러닝)") -> 0
D36: OUTER | G36: =SUMIF('주간판매-26FW(CO)'!$I:$I,종합!$F36,'주간판매-26FW(CO)'!$P:$P) -> 0 | H36: =COUNTIF('주간판매-26FW(CO)'!$I:$I,종합!$F36) -> 0 | I36: =SUMIFS('주간판매-26FW(CO)'!$R$4:$R$5000,'주간판매-26FW(CO)'!$I$4:$I$5000,종합!$F36) -> 0 | J36: =SUMIFS('주간판매-26FW(CO)'!$P$4:$P$5000,'주간판매-26FW(CO)'!$I$4:$I$5000,종합!$F36,'주간판매-26FW(CO)'!$V$4:$V$5000,">0") -> 0 | K36: =COUNTIFS('주간판매-26FW(CO)'!$I$4:$I$5000,종합!$F36,'주간판매-26FW(CO)'!$V$4:$V$5000,">0") -> 0 | L36: =SUMIFS('주간판매-26FW(CO)'!$V$4:$V$5000,'주간판매-26FW(CO)'!$I$4:$I$5000,종합!$F36) -> 0 | M36: =IFERROR(L36/I36,"") | N36: =SUMIFS('생판재-26FW(ST)'!$AI$4:$AI$5000,'생판재-26FW(ST)'!$H$4:$H$5000,종합!$F36) -> 0 | O36: =SUMIFS('생판재-26FW(ST)'!$AR$4:$AR$5000,'생판재-26FW(ST)'!$H$4:$H$5000,종합!$F36) -> 0 | P36: =O36/O$66 -> 0 | Q36: =SUMIFS('생판재-26FW(ST)'!$AQ$4:$AQ$5000,'생판재-26FW(ST)'!$H$4:$H$5000,종합!$F36) -> 0 | R36: =Q36/Q$66 -> 0 | S36: =IFERROR(Q36/O36/1.1,"") | T36: =SUMIFS('생판재-26FW(ST)'!$BG$4:$BG$5000,'생판재-26FW(ST)'!$H$4:$H$5000,종합!$F36) -> 0 | U36: =IFERROR(T36/L36,"") | V36: =SUMIFS('생판재-26FW(ST)'!$BH$4:$BH$5000,'생판재-26FW(ST)'!$H$4:$H$5000,종합!$F36) -> 0 | W36: =SUMIFS('생판재-26FW(ST)'!$BI$4:$BI$5000,'생판재-26FW(ST)'!$H$4:$H$5000,종합!$F36) -> 0 | X36: =SUMIFS('생판재-26FW(ST)'!$BJ$4:$BJ$5000,'생판재-26FW(ST)'!$H$4:$H$5000,종합!$F36) -> 0 | Y36: =IFERROR(1-(W36/V36),"") | Z36: =SUMIFS('생판재-26FW(ST)'!$BC$4:$BC$5000,'생판재-26FW(ST)'!$H$4:$H$5000,종합!$F36) -> 0 | AA36: =SUMIFS('생판재-26FW(ST)'!$BE$4:$BE$5000,'생판재-26FW(ST)'!$H$4:$H$5000,종합!$F36) -> 0 | AD36: OUTER | AG36: =AG79+AG120 -> 0 | AH36: =AH79+AH120 -> 0 | AI36: =AI79+AI120 -> 0 | AJ36: =AJ79+AJ120 -> 0 | AK36: =AK79+AK120 -> 0 | AL36: =AL79+AL120 -> 0 | AM36: =IFERROR(AL36/AI36,"") | AN36: =AN79+AN120 -> 0 | AO36: =AO79+AO120 -> 0 | AP36: =AO36/AO$109 -> 0 | AQ36: =AQ79+AQ120 -> 0 | AR36: =AQ36/AQ$109 -> 0 | AS36: =IFERROR(AQ36/AO36/1.1,"") | AT36: =AT79+AT120 -> 0 | AU36: =IFERROR(AT36/AL36,"") | AV36: =AV79+AV120 -> 0 | AW36: =AW79+AW120 -> 0 | AX36: =AX79+AX120 -> 0 | AY36: =IFERROR(1-(AW36/AV36),"") | AZ36: =AZ79+AZ120 -> 0 | BA36: =BA79+BA120 -> 0 | BE36: OUTER | BH36: =SUMIFS('주간판매-러닝(CO)'!$P$4:$P$5000,'주간판매-러닝(CO)'!$I$4:$I$5000,종합!$BG36) -> 0 | BI36: =COUNTIFS('주간판매-러닝(CO)'!$I$4:$I$5000,종합!$BG36,'주간판매-러닝(CO)'!$E$4:$E$5000,"가을(러닝)")+ COUNTIFS('주간판매-러닝(CO)'!$I$4:$I$5000,종합!$BG36,'주간판매-러닝(CO)'!$E$4:$E$5000,"겨울(러닝)") -> 0 | BJ36: =SUMIFS('주간판매-러닝(CO)'!$R$4:$R$5000,'주간판매-러닝(CO)'!$I$4:$I$5000,종합!$F36,'주간판매-러닝(CO)'!$E$4:$E$5000,"가을(러닝)")+ SUMIFS('주간판매-러닝(CO)'!$R$4:$R$5000,'주간판매-러닝(CO)'!$I$4:$I$5000,종합!$F36,'주간판매-러닝(CO)'!$E$4:$E$5000,"겨울(러닝)") -> 0 | BK36: =COUNTIFS('주간판매-러닝(CO)'!$P$4:$P$5000,"A",'주간판매-러닝(CO)'!$I$4:$I$5000,종합!$F36,'주간판매-러닝(CO)'!$V$4:$V$5000,">0",'주간판매-러닝(CO)'!$E$4:$E$5000,"가을(러닝)")+ COUNTIFS('주간판매-러닝(CO)'!$P$4:$P$5000,"A",'주간판매-러닝(CO)'!$I$4:$I$5000,종합!$F36,'주간판매-러닝(CO)'!$V$4:$V$5000,">0",'주간판매-러닝(CO)'!$E$4:$E$5000,"겨울(러닝)") -> 0 | BL36: =COUNTIFS('주간판매-러닝(CO)'!$I$4:$I$5000,종합!$F36,'주간판매-러닝(CO)'!$V$4:$V$5000,">0",'주간판매-러닝(CO)'!$E$4:$E$5000,"가을(러닝)")+ COUNTIFS('주간판매-러닝(CO)'!$I$4:$I$5000,종합!$F36,'주간판매-러닝(CO)'!$V$4:$V$5000,">0",'주간판매-러닝(CO)'!$E$4:$E$5000,"겨울(러닝)") -> 0 | BM36: =SUMIFS('주간판매-러닝(CO)'!$V$4:$V$5000,'주간판매-러닝(CO)'!$I$4:$I$5000,종합!$F36,'주간판매-러닝(CO)'!$E$4:$E$5000,"가을(러닝)")+ SUMIFS('주간판매-러닝(CO)'!$V$4:$V$5000,'주간판매-러닝(CO)'!$I$4:$I$5000,종합!$F36,'주간판매-러닝(CO)'!$E$4:$E$5000,"겨울(러닝)") -> 0 | BN36: =IFERROR(BM36/BJ36,"") | BO36: =SUMIFS('생판재-러닝(ST)'!$AI$4:$AI$5000,'생판재-러닝(ST)'!$H$4:$H$5000,종합!$F36,'생판재-러닝(ST)'!$D$4:$D$5000,"가을(러닝)")+ SUMIFS('생판재-러닝(ST)'!$AI$4:$AI$5000,'생판재-러닝(ST)'!$H$4:$H$5000,종합!$F36,'생판재-러닝(ST)'!$D$4:$D$5000,"겨울(러닝)") -> 0 | BP36: =SUMIFS('생판재-러닝(ST)'!$AR$4:$AR$5000,'생판재-러닝(ST)'!$H$4:$H$5000,종합!$F36,'생판재-러닝(ST)'!$D$4:$D$5000,"가을(러닝)")+ SUMIFS('생판재-러닝(ST)'!$AR$4:$AR$5000,'생판재-러닝(ST)'!$H$4:$H$5000,종합!$F36,'생판재-러닝(ST)'!$D$4:$D$5000,"겨울(러닝)") -> 0 | BQ36: =BP36/BP$66 -> 0 | BR36: =SUMIFS('생판재-러닝(ST)'!$AQ$4:$AQ$5000,'생판재-러닝(ST)'!$H$4:$H$5000,종합!$F36,'생판재-러닝(ST)'!$D$4:$D$5000,"가을(러닝)")+ SUMIFS('생판재-러닝(ST)'!$AQ$4:$AQ$5000,'생판재-러닝(ST)'!$H$4:$H$5000,종합!$F36,'생판재-러닝(ST)'!$D$4:$D$5000,"겨울(러닝)") -> 0 | BS36: =BR36/BR$66 -> 0 | BT36: =IFERROR(BR36/BP36/1.1,"") | BU36: =SUMIFS('생판재-러닝(ST)'!$BG$4:$BG$5000,'생판재-러닝(ST)'!$H$4:$H$5000,종합!$F36,'생판재-러닝(ST)'!$D$4:$D$5000,"가을(러닝)")+ SUMIFS('생판재-러닝(ST)'!$BG$4:$BG$5000,'생판재-러닝(ST)'!$H$4:$H$5000,종합!$F36,'생판재-러닝(ST)'!$D$4:$D$5000,"겨울(러닝)") -> 0 | BV36: =IFERROR(BU36/BM36,"") | BW36: =SUMIFS('생판재-러닝(ST)'!$BH$4:$BH$5000,'생판재-러닝(ST)'!$H$4:$H$5000,종합!$F36,'생판재-러닝(ST)'!$D$4:$D$5000,"가을(러닝)")+ SUMIFS('생판재-러닝(ST)'!$BH$4:$BH$5000,'생판재-러닝(ST)'!$H$4:$H$5000,종합!$F36,'생판재-러닝(ST)'!$D$4:$D$5000,"겨울(러닝)") -> 0 | BX36: =SUMIFS('생판재-러닝(ST)'!$BI$4:$BI$5000,'생판재-러닝(ST)'!$H$4:$H$5000,종합!$F36,'생판재-러닝(ST)'!$D$4:$D$5000,"가을(러닝)")+ SUMIFS('생판재-러닝(ST)'!$BI$4:$BI$5000,'생판재-러닝(ST)'!$H$4:$H$5000,종합!$F36,'생판재-러닝(ST)'!$D$4:$D$5000,"겨울(러닝)") -> 0 | BY36: =SUMIFS('생판재-러닝(ST)'!$BJ$4:$BJ$5000,'생판재-러닝(ST)'!$H$4:$H$5000,종합!$F36,'생판재-러닝(ST)'!$D$4:$D$5000,"가을(러닝)")+ SUMIFS('생판재-러닝(ST)'!$BJ$4:$BJ$5000,'생판재-러닝(ST)'!$H$4:$H$5000,종합!$F36,'생판재-러닝(ST)'!$D$4:$D$5000,"겨울(러닝)") -> 0 | BZ36: =IFERROR(1-(BX36/BW36),"") | CA36: =SUMIFS('생판재-러닝(ST)'!$BC$4:$BC$5000,'생판재-러닝(ST)'!$H$4:$H$5000,종합!$F36,'생판재-러닝(ST)'!$D$4:$D$5000,"가을(러닝)")+ SUMIFS('생판재-러닝(ST)'!$BC$4:$BC$5000,'생판재-러닝(ST)'!$H$4:$H$5000,종합!$F36,'생판재-러닝(ST)'!$D$4:$D$5000,"겨울(러닝)") -> 0 | CB36: =SUMIFS('생판재-러닝(ST)'!$BE$4:$BE$5000,'생판재-러닝(ST)'!$H$4:$H$5000,종합!$F36,'생판재-러닝(ST)'!$D$4:$D$5000,"가을(러닝)")+ SUMIFS('생판재-러닝(ST)'!$BE$4:$BE$5000,'생판재-러닝(ST)'!$H$4:$H$5000,종합!$F36,'생판재-러닝(ST)'!$D$4:$D$5000,"겨울(러닝)") -> 0 | CE36: OUTER | CH36: =COUNTIFS('시점재고(~26.07.31, 생판재)'!$H$4:$H$5000,종합!$CG36) -> 0 | CJ36: =SUMIFS('시점재고(~26.07.31, 생판재)'!$BM$4:$BM$5000,'시점재고(~26.07.31, 생판재)'!$H$4:$H$5000,종합!$CG36) -> 0 | CK36: =SUMIFS('생판재-러닝(ST)'!$BG$4:$BG$5000,'생판재-러닝(ST)'!$H$4:$H$5000,종합!$CG36,'생판재-러닝(ST)'!$D$4:$D$5000,"<>가을(러닝)",'생판재-러닝(ST)'!$D$4:$D$5000,"<>겨울(러닝)")-( SUMIFS('시점재고(~26.07.31, 생판재)'!$BG$4:$BG$5000,'시점재고(~26.07.31, 생판재)'!$H$4:$H$5000,종합!CG36)) -> 0 | CL36: =IFERROR(CK36/#REF!,"") | CM36: =SUMIFS('생판재-러닝(ST)'!$BH$4:$BH$5000,'생판재-러닝(ST)'!$H$4:$H$5000,종합!$F36,'생판재-러닝(ST)'!$D$4:$D$5000,"<>가을(러닝)",'생판재-러닝(ST)'!$D$4:$D$5000,"<>겨울(러닝)")-( SUMIFS('시점재고(~26.07.31, 생판재)'!$BH$4:$BH$5000,'시점재고(~26.07.31, 생판재)'!$H$4:$H$5000,종합!$F36)) -> 0 | CN36: =SUMIFS('생판재-러닝(ST)'!$BI$4:$BI$5000,'생판재-러닝(ST)'!$H$4:$H$5000,종합!$F36,'생판재-러닝(ST)'!$D$4:$D$5000,"<>가을(러닝)",'생판재-러닝(ST)'!$D$4:$D$5000,"<>겨울(러닝)")-( SUMIFS('시점재고(~26.07.31, 생판재)'!$BI$4:$BI$5000,'시점재고(~26.07.31, 생판재)'!$H$4:$H$5000,종합!$F36)) -> 0 | CO36: =SUMIFS('생판재-러닝(ST)'!$BJ$4:$BJ$5000,'생판재-러닝(ST)'!$H$4:$H$5000,종합!$F36,'생판재-러닝(ST)'!$D$4:$D$5000,"<>가을(러닝)",'생판재-러닝(ST)'!$D$4:$D$5000,"<>겨울(러닝)")-( SUMIFS('시점재고(~26.07.31, 생판재)'!$BJ$4:$BJ$5000,'시점재고(~26.07.31, 생판재)'!$H$4:$H$5000,종합!$F36)) -> 0 | CP36: =IFERROR(1-(CN36/CM36),"") | CQ36: =SUMIFS('생판재-러닝(ST)'!$BC$4:$BC$5000,'생판재-러닝(ST)'!$H$4:$H$5000,종합!$F36,'생판재-러닝(ST)'!$D$4:$D$5000,"<>가을(러닝)",'생판재-러닝(ST)'!$D$4:$D$5000,"<>겨울(러닝)") -> 0 | CR36: =SUMIFS('생판재-러닝(ST)'!$BE$4:$BE$5000,'생판재-러닝(ST)'!$H$4:$H$5000,종합!$F36,'생판재-러닝(ST)'!$D$4:$D$5000,"<>가을(러닝)",'생판재-러닝(ST)'!$D$4:$D$5000,"<>겨울(러닝)") -> 0
D37: OUTER TOTAL | G37: =SUM(G30:G36) -> 47 | H37: =SUM(H30:H36) -> 100 | I37: =SUM(I30:I36) -> 59500 | J37: =SUM(J30:J36) -> 18 | K37: =SUM(K30:K36) -> 39 | L37: =SUM(L30:L36) -> 22006 | M37: =IFERROR(L37/I37,"") -> 0.36984874 | N37: =SUM(N30:N36) -> 1878201600 | O37: =SUM(O30:O36) -> 729176560 | P37: =O37/O$66 -> 0.33108109 | Q37: =SUM(Q30:Q36) -> 3012772000 | R37: =Q37/Q$66 -> 0.32592495 | S37: =IFERROR(Q37/O37/1.1,"") -> 3.7561323 | T37: =SUM(T30:T36) -> 476 | U37: =IFERROR(T37/L37,"") -> 0.021630464 | V37: =SUM(V30:V36) -> 43288000 | W37: =SUM(W30:W36) -> 32708199 | X37: =SUM(X30:X36) -> 11266700 | Y37: =IFERROR(1-(W37/V37),"") -> 0.24440494 | Z37: =SUM(Z30:Z36) -> 241 | AA37: =SUM(AA30:AA36) -> 15975469 | AD37: OUTER TOTAL | AG37: =SUM(AG30:AG36) -> 53 | AH37: =SUM(AH30:AH36) -> 0 | AI37: =SUM(AI30:AI36) -> 74230 | AJ37: =SUM(AJ30:AJ36) -> 13 | AK37: =SUM(AK30:AK36) -> 3 | AL37: =SUM(AL30:AL36) -> 13104 | AM37: =IFERROR(AL37/AI37,"") -> 0.1765324 | AN37: =SUM(AN30:AN36) -> 2897437100 | AO37: =SUM(AO30:AO36) -> 314682400 | AP37: =AO37/AO$109 -> 0.14486744 | AQ37: =SUM(AQ30:AQ36) -> 1341856000 | AR37: =AQ37/AQ$109 -> 0.14326104 | AS37: =IFERROR(AQ37/AO37/1.1,"") -> 3.8765088 | AT37: =SUM(AT30:AT36) -> 1448 | AU37: =IFERROR(AT37/AL37,"") -> 0.11050061 | AV37: =SUM(AV30:AV36) -> 96465000 | AW37: =SUM(AW30:AW36) -> 57524069 | AX37: =SUM(AX30:AX36) -> 23002600 | AY37: =IFERROR(1-(AW37/AV37),"") -> 0.40367938 | AZ37: =SUM(AZ30:AZ36) -> 534 | BA37: =SUM(BA30:BA36) -> 24190146 | BE37: OUTER TOTAL | BH37: =SUM(BH30:BH36) -> 9 | BI37: =SUM(BI30:BI36) -> 30 | BJ37: =SUM(BJ30:BJ36) -> 35270 | BK37: =SUM(BK30:BK36) -> 8 | BL37: =SUM(BL30:BL36) -> 26 | BM37: =SUM(BM30:BM36) -> 29282 | BN37: =IFERROR(BM37/BJ37,"") -> 0.83022399 | BO37: =SUM(BO30:BO36) -> 1289808000 | BP37: =SUM(BP30:BP36) -> 1125334070 | BQ37: =BP37/BP$66 -> 0.36733909 | BR37: =SUM(BR30:BR36) -> 4833065000 | BS37: =BR37/BR$66 -> 0.35551421 | BT37: =IFERROR(BR37/BP37/1.1,"") -> 3.9043477 | BU37: =SUM(BU30:BU36) -> 1721 | BV37: =IFERROR(BU37/BM37,"") -> 0.058773308 | BW37: =SUM(BW30:BW36) -> 85558000 | BX37: =SUM(BX30:BX36) -> 68696304 | BY37: =SUM(BY30:BY36) -> 23220250 | BZ37: =IFERROR(1-(BX37/BW37),"") -> 0.19707913 | CA37: =SUM(CA30:CA36) -> 1211 | CB37: =SUM(CB30:CB36) -> 48958180 | CE37: OUTER TOTAL | CH37: =SUM(CH30:CH36) -> 9 | CI37: =SUM(CI30:CI36) -> 0 | CJ37: =SUM(CJ30:CJ36) -> 4570 | CK37: =SUM(CK30:CK36) -> 284 | CL37: =IFERROR(CK37/#REF!,"") | CM37: =SUM(CM30:CM36) -> 41316000 | CN37: =SUM(CN30:CN36) -> 30845501 | CO37: =SUM(CO30:CO36) -> 10608200 | CP37: =IFERROR(1-(CN37/CM37),"") -> 0.2534248 | CQ37: =SUM(CQ30:CQ36) -> 116 | CR37: =SUM(CR30:CR36) -> 12855630
D38: TOP | E38: KC | F38: 니트가디건 | G38: =SUMIF('주간판매-26FW(CO)'!$I:$I,종합!$F38,'주간판매-26FW(CO)'!$P:$P) -> 22 | H38: =COUNTIF('주간판매-26FW(CO)'!$I:$I,종합!$F38) -> 56 | I38: =SUMIFS('주간판매-26FW(CO)'!$R$4:$R$5000,'주간판매-26FW(CO)'!$I$4:$I$5000,종합!$F38) -> 23378 | J38: =SUMIFS('주간판매-26FW(CO)'!$P$4:$P$5000,'주간판매-26FW(CO)'!$I$4:$I$5000,종합!$F38,'주간판매-26FW(CO)'!$V$4:$V$5000,">0") -> 4 | K38: =COUNTIFS('주간판매-26FW(CO)'!$I$4:$I$5000,종합!$F38,'주간판매-26FW(CO)'!$V$4:$V$5000,">0") -> 12 | L38: =SUMIFS('주간판매-26FW(CO)'!$V$4:$V$5000,'주간판매-26FW(CO)'!$I$4:$I$5000,종합!$F38) -> 9749 | M38: =IFERROR(L38/I38,"") -> 0.417016 | N38: =SUMIFS('생판재-26FW(ST)'!$AI$4:$AI$5000,'생판재-26FW(ST)'!$H$4:$H$5000,종합!$F38) -> 441320000 | O38: =SUMIFS('생판재-26FW(ST)'!$AR$4:$AR$5000,'생판재-26FW(ST)'!$H$4:$H$5000,종합!$F38) -> 203505900 | P38: =O38/O$66 -> 0.092401427 | Q38: =SUMIFS('생판재-26FW(ST)'!$AQ$4:$AQ$5000,'생판재-26FW(ST)'!$H$4:$H$5000,종합!$F38) -> 820021000 | R38: =Q38/Q$66 -> 0.088710763 | S38: =IFERROR(Q38/O38/1.1,"") -> 3.6631549 | T38: =SUMIFS('생판재-26FW(ST)'!$BG$4:$BG$5000,'생판재-26FW(ST)'!$H$4:$H$5000,종합!$F38) -> 348 | U38: =IFERROR(T38/L38,"") -> 0.035695969 | V38: =SUMIFS('생판재-26FW(ST)'!$BH$4:$BH$5000,'생판재-26FW(ST)'!$H$4:$H$5000,종합!$F38) -> 30172000 | W38: =SUMIFS('생판재-26FW(ST)'!$BI$4:$BI$5000,'생판재-26FW(ST)'!$H$4:$H$5000,종합!$F38) -> 24092749 | X38: =SUMIFS('생판재-26FW(ST)'!$BJ$4:$BJ$5000,'생판재-26FW(ST)'!$H$4:$H$5000,종합!$F38) -> 7755700 | Y38: =IFERROR(1-(W38/V38),"") -> 0.20148651 | Z38: =SUMIFS('생판재-26FW(ST)'!$BC$4:$BC$5000,'생판재-26FW(ST)'!$H$4:$H$5000,종합!$F38) -> 164 | AA38: =SUMIFS('생판재-26FW(ST)'!$BE$4:$BE$5000,'생판재-26FW(ST)'!$H$4:$H$5000,종합!$F38) -> 11670569 | AD38: TOP | AE38: KC | AF38: 니트가디건 | AG38: =AG81+AG122 -> 28 | AH38: =AH81+AH122 -> 0 | AI38: =AI81+AI122 -> 78020 | AJ38: =AJ81+AJ122 -> 9 | AK38: =AK81+AK122 -> 0 | AL38: =AL81+AL122 -> 17158 | AM38: =IFERROR(AL38/AI38,"") -> 0.21991797 | AN38: =AN81+AN122 -> 1420838400 | AO38: =AO81+AO122 -> 309680100 | AP38: =AO38/AO$109 -> 0.14256457 | AQ38: =AQ81+AQ122 -> 1210339000 | AR38: =AQ38/AQ$109 -> 0.12921985 | AS38: =IFERROR(AQ38/AO38/1.1,"") -> 3.5530477 | AT38: =AT81+AT122 -> 1640 | AU38: =IFERROR(AT38/AL38,"") -> 0.095582236 | AV38: =AV81+AV122 -> 114748000 | AW38: =AW81+AW122 -> 72060559 | AX38: =AX81+AX122 -> 29783000 | AY38: =IFERROR(1-(AW38/AV38),"") -> 0.37201033 | AZ38: =AZ81+AZ122 -> 750 | BA38: =BA81+BA122 -> 37126148 | BE38: TOP | BF38: KC | BG38: 니트가디건 | BH38: =SUMIFS('주간판매-러닝(CO)'!$P$4:$P$5000,'주간판매-러닝(CO)'!$I$4:$I$5000,종합!$BG38) -> 8 | BI38: =COUNTIFS('주간판매-러닝(CO)'!$I$4:$I$5000,종합!$BG38,'주간판매-러닝(CO)'!$E$4:$E$5000,"가을(러닝)")+ COUNTIFS('주간판매-러닝(CO)'!$I$4:$I$5000,종합!$BG38,'주간판매-러닝(CO)'!$E$4:$E$5000,"겨울(러닝)") -> 45 | BJ38: =SUMIFS('주간판매-러닝(CO)'!$R$4:$R$5000,'주간판매-러닝(CO)'!$I$4:$I$5000,종합!$F38,'주간판매-러닝(CO)'!$E$4:$E$5000,"가을(러닝)")+ SUMIFS('주간판매-러닝(CO)'!$R$4:$R$5000,'주간판매-러닝(CO)'!$I$4:$I$5000,종합!$F38,'주간판매-러닝(CO)'!$E$4:$E$5000,"겨울(러닝)") -> 97400 | BK38: =COUNTIFS('주간판매-러닝(CO)'!$P$4:$P$5000,"A",'주간판매-러닝(CO)'!$I$4:$I$5000,종합!$F38,'주간판매-러닝(CO)'!$V$4:$V$5000,">0",'주간판매-러닝(CO)'!$E$4:$E$5000,"가을(러닝)")+ COUNTIFS('주간판매-러닝(CO)'!$P$4:$P$5000,"A",'주간판매-러닝(CO)'!$I$4:$I$5000,종합!$F38,'주간판매-러닝(CO)'!$V$4:$V$5000,">0",'주간판매-러닝(CO)'!$E$4:$E$5000,"겨울(러닝)") -> 7 | BL38: =COUNTIFS('주간판매-러닝(CO)'!$I$4:$I$5000,종합!$F38,'주간판매-러닝(CO)'!$V$4:$V$5000,">0",'주간판매-러닝(CO)'!$E$4:$E$5000,"가을(러닝)")+ COUNTIFS('주간판매-러닝(CO)'!$I$4:$I$5000,종합!$F38,'주간판매-러닝(CO)'!$V$4:$V$5000,">0",'주간판매-러닝(CO)'!$E$4:$E$5000,"겨울(러닝)") -> 36 | BM38: =SUMIFS('주간판매-러닝(CO)'!$V$4:$V$5000,'주간판매-러닝(CO)'!$I$4:$I$5000,종합!$F38,'주간판매-러닝(CO)'!$E$4:$E$5000,"가을(러닝)")+ SUMIFS('주간판매-러닝(CO)'!$V$4:$V$5000,'주간판매-러닝(CO)'!$I$4:$I$5000,종합!$F38,'주간판매-러닝(CO)'!$E$4:$E$5000,"겨울(러닝)") -> 71084 | BN38: =IFERROR(BM38/BJ38,"") -> 0.7298152 | BO38: =SUMIFS('생판재-러닝(ST)'!$AI$4:$AI$5000,'생판재-러닝(ST)'!$H$4:$H$5000,종합!$F38,'생판재-러닝(ST)'!$D$4:$D$5000,"가을(러닝)")+ SUMIFS('생판재-러닝(ST)'!$AI$4:$AI$5000,'생판재-러닝(ST)'!$H$4:$H$5000,종합!$F38,'생판재-러닝(ST)'!$D$4:$D$5000,"겨울(러닝)") -> 1546380000 | BP38: =SUMIFS('생판재-러닝(ST)'!$AR$4:$AR$5000,'생판재-러닝(ST)'!$H$4:$H$5000,종합!$F38,'생판재-러닝(ST)'!$D$4:$D$5000,"가을(러닝)")+ SUMIFS('생판재-러닝(ST)'!$AR$4:$AR$5000,'생판재-러닝(ST)'!$H$4:$H$5000,종합!$F38,'생판재-러닝(ST)'!$D$4:$D$5000,"겨울(러닝)") -> 1129367200 | BQ38: =BP38/BP$66 -> 0.36865561 | BR38: =SUMIFS('생판재-러닝(ST)'!$AQ$4:$AQ$5000,'생판재-러닝(ST)'!$H$4:$H$5000,종합!$F38,'생판재-러닝(ST)'!$D$4:$D$5000,"가을(러닝)")+ SUMIFS('생판재-러닝(ST)'!$AQ$4:$AQ$5000,'생판재-러닝(ST)'!$H$4:$H$5000,종합!$F38,'생판재-러닝(ST)'!$D$4:$D$5000,"겨울(러닝)") -> 5508424000 | BS38: =BR38/BR$66 -> 0.40519278 | BT38: =IFERROR(BR38/BP38/1.1,"") -> 4.434039 | BU38: =SUMIFS('생판재-러닝(ST)'!$BG$4:$BG$5000,'생판재-러닝(ST)'!$H$4:$H$5000,종합!$F38,'생판재-러닝(ST)'!$D$4:$D$5000,"가을(러닝)")+ SUMIFS('생판재-러닝(ST)'!$BG$4:$BG$5000,'생판재-러닝(ST)'!$H$4:$H$5000,종합!$F38,'생판재-러닝(ST)'!$D$4:$D$5000,"겨울(러닝)") -> 2499 | BV38: =IFERROR(BU38/BM38,"") -> 0.035155591 | BW38: =SUMIFS('생판재-러닝(ST)'!$BH$4:$BH$5000,'생판재-러닝(ST)'!$H$4:$H$5000,종합!$F38,'생판재-러닝(ST)'!$D$4:$D$5000,"가을(러닝)")+ SUMIFS('생판재-러닝(ST)'!$BH$4:$BH$5000,'생판재-러닝(ST)'!$H$4:$H$5000,종합!$F38,'생판재-러닝(ST)'!$D$4:$D$5000,"겨울(러닝)") -> 193837000 | BX38: =SUMIFS('생판재-러닝(ST)'!$BI$4:$BI$5000,'생판재-러닝(ST)'!$H$4:$H$5000,종합!$F38,'생판재-러닝(ST)'!$D$4:$D$5000,"가을(러닝)")+ SUMIFS('생판재-러닝(ST)'!$BI$4:$BI$5000,'생판재-러닝(ST)'!$H$4:$H$5000,종합!$F38,'생판재-러닝(ST)'!$D$4:$D$5000,"겨울(러닝)") -> 109243815 | BY38: =SUMIFS('생판재-러닝(ST)'!$BJ$4:$BJ$5000,'생판재-러닝(ST)'!$H$4:$H$5000,종합!$F38,'생판재-러닝(ST)'!$D$4:$D$5000,"가을(러닝)")+ SUMIFS('생판재-러닝(ST)'!$BJ$4:$BJ$5000,'생판재-러닝(ST)'!$H$4:$H$5000,종합!$F38,'생판재-러닝(ST)'!$D$4:$D$5000,"겨울(러닝)") -> 39870100 | BZ38: =IFERROR(1-(BX38/BW38),"") -> 0.43641402 | CA38: =SUMIFS('생판재-러닝(ST)'!$BC$4:$BC$5000,'생판재-러닝(ST)'!$H$4:$H$5000,종합!$F38,'생판재-러닝(ST)'!$D$4:$D$5000,"가을(러닝)")+ SUMIFS('생판재-러닝(ST)'!$BC$4:$BC$5000,'생판재-러닝(ST)'!$H$4:$H$5000,종합!$F38,'생판재-러닝(ST)'!$D$4:$D$5000,"겨울(러닝)") -> 1280 | CB38: =SUMIFS('생판재-러닝(ST)'!$BE$4:$BE$5000,'생판재-러닝(ST)'!$H$4:$H$5000,종합!$F38,'생판재-러닝(ST)'!$D$4:$D$5000,"가을(러닝)")+ SUMIFS('생판재-러닝(ST)'!$BE$4:$BE$5000,'생판재-러닝(ST)'!$H$4:$H$5000,종합!$F38,'생판재-러닝(ST)'!$D$4:$D$5000,"겨울(러닝)") -> 56091280 | CE38: TOP | CF38: KC | CG38: 니트가디건 | CH38: =COUNTIFS('시점재고(~26.07.31, 생판재)'!$H$4:$H$5000,종합!$CG38) -> 8 | CJ38: =SUMIFS('시점재고(~26.07.31, 생판재)'!$BM$4:$BM$5000,'시점재고(~26.07.31, 생판재)'!$H$4:$H$5000,종합!$CG38) -> 81108 | CK38: =SUMIFS('생판재-러닝(ST)'!$BG$4:$BG$5000,'생판재-러닝(ST)'!$H$4:$H$5000,종합!$CG38,'생판재-러닝(ST)'!$D$4:$D$5000,"<>가을(러닝)",'생판재-러닝(ST)'!$D$4:$D$5000,"<>겨울(러닝)")-( SUMIFS('시점재고(~26.07.31, 생판재)'!$BG$4:$BG$5000,'시점재고(~26.07.31, 생판재)'!$H$4:$H$5000,종합!CG38)) -> 9182 | CL38: =IFERROR(CK38/#REF!,"") | CM38: =SUMIFS('생판재-러닝(ST)'!$BH$4:$BH$5000,'생판재-러닝(ST)'!$H$4:$H$5000,종합!$F38,'생판재-러닝(ST)'!$D$4:$D$5000,"<>가을(러닝)",'생판재-러닝(ST)'!$D$4:$D$5000,"<>겨울(러닝)")-( SUMIFS('시점재고(~26.07.31, 생판재)'!$BH$4:$BH$5000,'시점재고(~26.07.31, 생판재)'!$H$4:$H$5000,종합!$F38)) -> 740629000 | CN38: =SUMIFS('생판재-러닝(ST)'!$BI$4:$BI$5000,'생판재-러닝(ST)'!$H$4:$H$5000,종합!$F38,'생판재-러닝(ST)'!$D$4:$D$5000,"<>가을(러닝)",'생판재-러닝(ST)'!$D$4:$D$5000,"<>겨울(러닝)")-( SUMIFS('시점재고(~26.07.31, 생판재)'!$BI$4:$BI$5000,'시점재고(~26.07.31, 생판재)'!$H$4:$H$5000,종합!$F38)) -> 339345985 | CO38: =SUMIFS('생판재-러닝(ST)'!$BJ$4:$BJ$5000,'생판재-러닝(ST)'!$H$4:$H$5000,종합!$F38,'생판재-러닝(ST)'!$D$4:$D$5000,"<>가을(러닝)",'생판재-러닝(ST)'!$D$4:$D$5000,"<>겨울(러닝)")-( SUMIFS('시점재고(~26.07.31, 생판재)'!$BJ$4:$BJ$5000,'시점재고(~26.07.31, 생판재)'!$H$4:$H$5000,종합!$F38)) -> 118400900 | CP38: =IFERROR(1-(CN38/CM38),"") -> 0.5418138 | CQ38: =SUMIFS('생판재-러닝(ST)'!$BC$4:$BC$5000,'생판재-러닝(ST)'!$H$4:$H$5000,종합!$F38,'생판재-러닝(ST)'!$D$4:$D$5000,"<>가을(러닝)",'생판재-러닝(ST)'!$D$4:$D$5000,"<>겨울(러닝)") -> 2415 | CR38: =SUMIFS('생판재-러닝(ST)'!$BE$4:$BE$5000,'생판재-러닝(ST)'!$H$4:$H$5000,종합!$F38,'생판재-러닝(ST)'!$D$4:$D$5000,"<>가을(러닝)",'생판재-러닝(ST)'!$D$4:$D$5000,"<>겨울(러닝)") -> 94001918
E39: KI | F39: 니트세트(이너) | G39: =SUMIF('주간판매-26FW(CO)'!$I:$I,종합!$F39,'주간판매-26FW(CO)'!$P:$P) -> 0 | H39: =COUNTIF('주간판매-26FW(CO)'!$I:$I,종합!$F39) -> 0 | I39: =SUMIFS('주간판매-26FW(CO)'!$R$4:$R$5000,'주간판매-26FW(CO)'!$I$4:$I$5000,종합!$F39) -> 0 | J39: =SUMIFS('주간판매-26FW(CO)'!$P$4:$P$5000,'주간판매-26FW(CO)'!$I$4:$I$5000,종합!$F39,'주간판매-26FW(CO)'!$V$4:$V$5000,">0") -> 0 | K39: =COUNTIFS('주간판매-26FW(CO)'!$I$4:$I$5000,종합!$F39,'주간판매-26FW(CO)'!$V$4:$V$5000,">0") -> 0 | L39: =SUMIFS('주간판매-26FW(CO)'!$V$4:$V$5000,'주간판매-26FW(CO)'!$I$4:$I$5000,종합!$F39) -> 0 | M39: =IFERROR(L39/I39,"") | N39: =SUMIFS('생판재-26FW(ST)'!$AI$4:$AI$5000,'생판재-26FW(ST)'!$H$4:$H$5000,종합!$F39) -> 0 | O39: =SUMIFS('생판재-26FW(ST)'!$AR$4:$AR$5000,'생판재-26FW(ST)'!$H$4:$H$5000,종합!$F39) -> 0 | P39: =O39/O$66 -> 0 | Q39: =SUMIFS('생판재-26FW(ST)'!$AQ$4:$AQ$5000,'생판재-26FW(ST)'!$H$4:$H$5000,종합!$F39) -> 0 | R39: =Q39/Q$66 -> 0 | S39: =IFERROR(Q39/O39/1.1,"") | T39: =SUMIFS('생판재-26FW(ST)'!$BG$4:$BG$5000,'생판재-26FW(ST)'!$H$4:$H$5000,종합!$F39) -> 0 | U39: =IFERROR(T39/L39,"") | V39: =SUMIFS('생판재-26FW(ST)'!$BH$4:$BH$5000,'생판재-26FW(ST)'!$H$4:$H$5000,종합!$F39) -> 0 | W39: =SUMIFS('생판재-26FW(ST)'!$BI$4:$BI$5000,'생판재-26FW(ST)'!$H$4:$H$5000,종합!$F39) -> 0 | X39: =SUMIFS('생판재-26FW(ST)'!$BJ$4:$BJ$5000,'생판재-26FW(ST)'!$H$4:$H$5000,종합!$F39) -> 0 | Y39: =IFERROR(1-(W39/V39),"") | Z39: =SUMIFS('생판재-26FW(ST)'!$BC$4:$BC$5000,'생판재-26FW(ST)'!$H$4:$H$5000,종합!$F39) -> 0 | AA39: =SUMIFS('생판재-26FW(ST)'!$BE$4:$BE$5000,'생판재-26FW(ST)'!$H$4:$H$5000,종합!$F39) -> 0 | AE39: KI | AF39: 니트세트(이너) | AG39: =AG82+AG123 -> 1 | AH39: =AH82+AH123 -> 0 | AI39: =AI82+AI123 -> 2270 | AJ39: =AJ82+AJ123 -> 1 | AK39: =AK82+AK123 -> 0 | AL39: =AL82+AL123 -> 1658 | AM39: =IFERROR(AL39/AI39,"") -> 0.73039648 | AN39: =AN82+AN123 -> 43130000 | AO39: =AO82+AO123 -> 31502000 | AP39: =AO39/AO$109 -> 0.014502285 | AQ39: =AQ82+AQ123 -> 119376000 | AR39: =AQ39/AQ$109 -> 0.012744982 | AS39: =IFERROR(AQ39/AO39/1.1,"") -> 3.4449761 | AT39: =AT82+AT123 -> 27 | AU39: =IFERROR(AT39/AL39,"") -> 0.01628468 | AV39: =AV82+AV123 -> 1944000 | AW39: =AW82+AW123 -> 1222549 | AX39: =AX82+AX123 -> 513000 | AY39: =IFERROR(1-(AW39/AV39),"") -> 0.37111677 | AZ39: =AZ82+AZ123 -> 22 | BA39: =BA82+BA123 -> 1222549 | BF39: KI | BG39: 니트세트(이너) | BH39: =SUMIFS('주간판매-러닝(CO)'!$P$4:$P$5000,'주간판매-러닝(CO)'!$I$4:$I$5000,종합!$BG39) -> 0 | BI39: =COUNTIFS('주간판매-러닝(CO)'!$I$4:$I$5000,종합!$BG39,'주간판매-러닝(CO)'!$E$4:$E$5000,"가을(러닝)")+ COUNTIFS('주간판매-러닝(CO)'!$I$4:$I$5000,종합!$BG39,'주간판매-러닝(CO)'!$E$4:$E$5000,"겨울(러닝)") -> 0 | BJ39: =SUMIFS('주간판매-러닝(CO)'!$R$4:$R$5000,'주간판매-러닝(CO)'!$I$4:$I$5000,종합!$F39,'주간판매-러닝(CO)'!$E$4:$E$5000,"가을(러닝)")+ SUMIFS('주간판매-러닝(CO)'!$R$4:$R$5000,'주간판매-러닝(CO)'!$I$4:$I$5000,종합!$F39,'주간판매-러닝(CO)'!$E$4:$E$5000,"겨울(러닝)") -> 0 | BK39: =COUNTIFS('주간판매-러닝(CO)'!$P$4:$P$5000,"A",'주간판매-러닝(CO)'!$I$4:$I$5000,종합!$F39,'주간판매-러닝(CO)'!$V$4:$V$5000,">0",'주간판매-러닝(CO)'!$E$4:$E$5000,"가을(러닝)")+ COUNTIFS('주간판매-러닝(CO)'!$P$4:$P$5000,"A",'주간판매-러닝(CO)'!$I$4:$I$5000,종합!$F39,'주간판매-러닝(CO)'!$V$4:$V$5000,">0",'주간판매-러닝(CO)'!$E$4:$E$5000,"겨울(러닝)") -> 0 | BL39: =COUNTIFS('주간판매-러닝(CO)'!$I$4:$I$5000,종합!$F39,'주간판매-러닝(CO)'!$V$4:$V$5000,">0",'주간판매-러닝(CO)'!$E$4:$E$5000,"가을(러닝)")+ COUNTIFS('주간판매-러닝(CO)'!$I$4:$I$5000,종합!$F39,'주간판매-러닝(CO)'!$V$4:$V$5000,">0",'주간판매-러닝(CO)'!$E$4:$E$5000,"겨울(러닝)") -> 0 | BM39: =SUMIFS('주간판매-러닝(CO)'!$V$4:$V$5000,'주간판매-러닝(CO)'!$I$4:$I$5000,종합!$F39,'주간판매-러닝(CO)'!$E$4:$E$5000,"가을(러닝)")+ SUMIFS('주간판매-러닝(CO)'!$V$4:$V$5000,'주간판매-러닝(CO)'!$I$4:$I$5000,종합!$F39,'주간판매-러닝(CO)'!$E$4:$E$5000,"겨울(러닝)") -> 0 | BN39: =IFERROR(BM39/BJ39,"") | BO39: =SUMIFS('생판재-러닝(ST)'!$AI$4:$AI$5000,'생판재-러닝(ST)'!$H$4:$H$5000,종합!$F39,'생판재-러닝(ST)'!$D$4:$D$5000,"가을(러닝)")+ SUMIFS('생판재-러닝(ST)'!$AI$4:$AI$5000,'생판재-러닝(ST)'!$H$4:$H$5000,종합!$F39,'생판재-러닝(ST)'!$D$4:$D$5000,"겨울(러닝)") -> 0 | BP39: =SUMIFS('생판재-러닝(ST)'!$AR$4:$AR$5000,'생판재-러닝(ST)'!$H$4:$H$5000,종합!$F39,'생판재-러닝(ST)'!$D$4:$D$5000,"가을(러닝)")+ SUMIFS('생판재-러닝(ST)'!$AR$4:$AR$5000,'생판재-러닝(ST)'!$H$4:$H$5000,종합!$F39,'생판재-러닝(ST)'!$D$4:$D$5000,"겨울(러닝)") -> 0 | BQ39: =BP39/BP$66 -> 0 | BR39: =SUMIFS('생판재-러닝(ST)'!$AQ$4:$AQ$5000,'생판재-러닝(ST)'!$H$4:$H$5000,종합!$F39,'생판재-러닝(ST)'!$D$4:$D$5000,"가을(러닝)")+ SUMIFS('생판재-러닝(ST)'!$AQ$4:$AQ$5000,'생판재-러닝(ST)'!$H$4:$H$5000,종합!$F39,'생판재-러닝(ST)'!$D$4:$D$5000,"겨울(러닝)") -> 0 | BS39: =BR39/BR$66 -> 0 | BT39: =IFERROR(BR39/BP39/1.1,"") | BU39: =SUMIFS('생판재-러닝(ST)'!$BG$4:$BG$5000,'생판재-러닝(ST)'!$H$4:$H$5000,종합!$F39,'생판재-러닝(ST)'!$D$4:$D$5000,"가을(러닝)")+ SUMIFS('생판재-러닝(ST)'!$BG$4:$BG$5000,'생판재-러닝(ST)'!$H$4:$H$5000,종합!$F39,'생판재-러닝(ST)'!$D$4:$D$5000,"겨울(러닝)") -> 0 | BV39: =IFERROR(BU39/BM39,"") | BW39: =SUMIFS('생판재-러닝(ST)'!$BH$4:$BH$5000,'생판재-러닝(ST)'!$H$4:$H$5000,종합!$F39,'생판재-러닝(ST)'!$D$4:$D$5000,"가을(러닝)")+ SUMIFS('생판재-러닝(ST)'!$BH$4:$BH$5000,'생판재-러닝(ST)'!$H$4:$H$5000,종합!$F39,'생판재-러닝(ST)'!$D$4:$D$5000,"겨울(러닝)") -> 0 | BX39: =SUMIFS('생판재-러닝(ST)'!$BI$4:$BI$5000,'생판재-러닝(ST)'!$H$4:$H$5000,종합!$F39,'생판재-러닝(ST)'!$D$4:$D$5000,"가을(러닝)")+ SUMIFS('생판재-러닝(ST)'!$BI$4:$BI$5000,'생판재-러닝(ST)'!$H$4:$H$5000,종합!$F39,'생판재-러닝(ST)'!$D$4:$D$5000,"겨울(러닝)") -> 0 | BY39: =SUMIFS('생판재-러닝(ST)'!$BJ$4:$BJ$5000,'생판재-러닝(ST)'!$H$4:$H$5000,종합!$F39,'생판재-러닝(ST)'!$D$4:$D$5000,"가을(러닝)")+ SUMIFS('생판재-러닝(ST)'!$BJ$4:$BJ$5000,'생판재-러닝(ST)'!$H$4:$H$5000,종합!$F39,'생판재-러닝(ST)'!$D$4:$D$5000,"겨울(러닝)") -> 0 | BZ39: =IFERROR(1-(BX39/BW39),"") | CA39: =SUMIFS('생판재-러닝(ST)'!$BC$4:$BC$5000,'생판재-러닝(ST)'!$H$4:$H$5000,종합!$F39,'생판재-러닝(ST)'!$D$4:$D$5000,"가을(러닝)")+ SUMIFS('생판재-러닝(ST)'!$BC$4:$BC$5000,'생판재-러닝(ST)'!$H$4:$H$5000,종합!$F39,'생판재-러닝(ST)'!$D$4:$D$5000,"겨울(러닝)") -> 0 | CB39: =SUMIFS('생판재-러닝(ST)'!$BE$4:$BE$5000,'생판재-러닝(ST)'!$H$4:$H$5000,종합!$F39,'생판재-러닝(ST)'!$D$4:$D$5000,"가을(러닝)")+ SUMIFS('생판재-러닝(ST)'!$BE$4:$BE$5000,'생판재-러닝(ST)'!$H$4:$H$5000,종합!$F39,'생판재-러닝(ST)'!$D$4:$D$5000,"겨울(러닝)") -> 0 | CF39: KV | CG39: 니트세트(이너) | CH39: =COUNTIFS('시점재고(~26.07.31, 생판재)'!$H$4:$H$5000,종합!$CG39) -> 0 | CJ39: =SUMIFS('시점재고(~26.07.31, 생판재)'!$BM$4:$BM$5000,'시점재고(~26.07.31, 생판재)'!$H$4:$H$5000,종합!$CG39) -> 0 | CK39: =SUMIFS('생판재-러닝(ST)'!$BG$4:$BG$5000,'생판재-러닝(ST)'!$H$4:$H$5000,종합!$CG39,'생판재-러닝(ST)'!$D$4:$D$5000,"<>가을(러닝)",'생판재-러닝(ST)'!$D$4:$D$5000,"<>겨울(러닝)")-( SUMIFS('시점재고(~26.07.31, 생판재)'!$BG$4:$BG$5000,'시점재고(~26.07.31, 생판재)'!$H$4:$H$5000,종합!CG39)) -> 0 | CL39: =IFERROR(CK39/#REF!,"") | CM39: =SUMIFS('생판재-러닝(ST)'!$BH$4:$BH$5000,'생판재-러닝(ST)'!$H$4:$H$5000,종합!$F39,'생판재-러닝(ST)'!$D$4:$D$5000,"<>가을(러닝)",'생판재-러닝(ST)'!$D$4:$D$5000,"<>겨울(러닝)")-( SUMIFS('시점재고(~26.07.31, 생판재)'!$BH$4:$BH$5000,'시점재고(~26.07.31, 생판재)'!$H$4:$H$5000,종합!$F39)) -> 0 | CN39: =SUMIFS('생판재-러닝(ST)'!$BI$4:$BI$5000,'생판재-러닝(ST)'!$H$4:$H$5000,종합!$F39,'생판재-러닝(ST)'!$D$4:$D$5000,"<>가을(러닝)",'생판재-러닝(ST)'!$D$4:$D$5000,"<>겨울(러닝)")-( SUMIFS('시점재고(~26.07.31, 생판재)'!$BI$4:$BI$5000,'시점재고(~26.07.31, 생판재)'!$H$4:$H$5000,종합!$F39)) -> 0 | CO39: =SUMIFS('생판재-러닝(ST)'!$BJ$4:$BJ$5000,'생판재-러닝(ST)'!$H$4:$H$5000,종합!$F39,'생판재-러닝(ST)'!$D$4:$D$5000,"<>가을(러닝)",'생판재-러닝(ST)'!$D$4:$D$5000,"<>겨울(러닝)")-( SUMIFS('시점재고(~26.07.31, 생판재)'!$BJ$4:$BJ$5000,'시점재고(~26.07.31, 생판재)'!$H$4:$H$5000,종합!$F39)) -> 0 | CP39: =IFERROR(1-(CN39/CM39),"") | CQ39: =SUMIFS('생판재-러닝(ST)'!$BC$4:$BC$5000,'생판재-러닝(ST)'!$H$4:$H$5000,종합!$F39,'생판재-러닝(ST)'!$D$4:$D$5000,"<>가을(러닝)",'생판재-러닝(ST)'!$D$4:$D$5000,"<>겨울(러닝)") -> 0 | CR39: =SUMIFS('생판재-러닝(ST)'!$BE$4:$BE$5000,'생판재-러닝(ST)'!$H$4:$H$5000,종합!$F39,'생판재-러닝(ST)'!$D$4:$D$5000,"<>가을(러닝)",'생판재-러닝(ST)'!$D$4:$D$5000,"<>겨울(러닝)") -> 0
E40: KO | F40: 니트세트(아우터) | G40: =SUMIF('주간판매-26FW(CO)'!$I:$I,종합!$F40,'주간판매-26FW(CO)'!$P:$P) -> 0 | H40: =COUNTIF('주간판매-26FW(CO)'!$I:$I,종합!$F40) -> 0 | I40: =SUMIFS('주간판매-26FW(CO)'!$R$4:$R$5000,'주간판매-26FW(CO)'!$I$4:$I$5000,종합!$F40) -> 0 | J40: =SUMIFS('주간판매-26FW(CO)'!$P$4:$P$5000,'주간판매-26FW(CO)'!$I$4:$I$5000,종합!$F40,'주간판매-26FW(CO)'!$V$4:$V$5000,">0") -> 0 | K40: =COUNTIFS('주간판매-26FW(CO)'!$I$4:$I$5000,종합!$F40,'주간판매-26FW(CO)'!$V$4:$V$5000,">0") -> 0 | L40: =SUMIFS('주간판매-26FW(CO)'!$V$4:$V$5000,'주간판매-26FW(CO)'!$I$4:$I$5000,종합!$F40) -> 0 | M40: =IFERROR(L40/I40,"") | N40: =SUMIFS('생판재-26FW(ST)'!$AI$4:$AI$5000,'생판재-26FW(ST)'!$H$4:$H$5000,종합!$F40) -> 0 | O40: =SUMIFS('생판재-26FW(ST)'!$AR$4:$AR$5000,'생판재-26FW(ST)'!$H$4:$H$5000,종합!$F40) -> 0 | P40: =O40/O$66 -> 0 | Q40: =SUMIFS('생판재-26FW(ST)'!$AQ$4:$AQ$5000,'생판재-26FW(ST)'!$H$4:$H$5000,종합!$F40) -> 0 | R40: =Q40/Q$66 -> 0 | S40: =IFERROR(Q40/O40/1.1,"") | T40: =SUMIFS('생판재-26FW(ST)'!$BG$4:$BG$5000,'생판재-26FW(ST)'!$H$4:$H$5000,종합!$F40) -> 0 | U40: =IFERROR(T40/L40,"") | V40: =SUMIFS('생판재-26FW(ST)'!$BH$4:$BH$5000,'생판재-26FW(ST)'!$H$4:$H$5000,종합!$F40) -> 0 | W40: =SUMIFS('생판재-26FW(ST)'!$BI$4:$BI$5000,'생판재-26FW(ST)'!$H$4:$H$5000,종합!$F40) -> 0 | X40: =SUMIFS('생판재-26FW(ST)'!$BJ$4:$BJ$5000,'생판재-26FW(ST)'!$H$4:$H$5000,종합!$F40) -> 0 | Y40: =IFERROR(1-(W40/V40),"") | Z40: =SUMIFS('생판재-26FW(ST)'!$BC$4:$BC$5000,'생판재-26FW(ST)'!$H$4:$H$5000,종합!$F40) -> 0 | AA40: =SUMIFS('생판재-26FW(ST)'!$BE$4:$BE$5000,'생판재-26FW(ST)'!$H$4:$H$5000,종합!$F40) -> 0 | AE40: KO | AF40: 니트세트(아우터) | AG40: =AG83+AG124 -> 1 | AH40: =AH83+AH124 -> 0 | AI40: =AI83+AI124 -> 1250 | AJ40: =AJ83+AJ124 -> 1 | AK40: =AK83+AK124 -> 0 | AL40: =AL83+AL124 -> 1279 | AM40: =IFERROR(AL40/AI40,"") -> 1.0232 | AN40: =AN83+AN124 -> 19625000 | AO40: =AO83+AO124 -> 20080300 | AP40: =AO40/AO$109 -> 0.0092441826 | AQ40: =AQ83+AQ124 -> 79298000 | AR40: =AQ40/AQ$109 -> 0.0084661203 | AS40: =IFERROR(AQ40/AO40/1.1,"") -> 3.5900405 | AT40: =AT83+AT124 -> 14 | AU40: =IFERROR(AT40/AL40,"") -> 0.010946052 | AV40: =AV83+AV124 -> 868000 | AW40: =AW83+AW124 -> 457051 | AX40: =AX83+AX124 -> 219800 | AY40: =IFERROR(1-(AW40/AV40),"") -> 0.47344355 | AZ40: =AZ83+AZ124 -> 9 | BA40: =BA83+BA124 -> 457051 | BF40: KO | BG40: 니트세트(아우터) | BH40: =SUMIFS('주간판매-러닝(CO)'!$P$4:$P$5000,'주간판매-러닝(CO)'!$I$4:$I$5000,종합!$BG40) -> 0 | BI40: =COUNTIFS('주간판매-러닝(CO)'!$I$4:$I$5000,종합!$BG40,'주간판매-러닝(CO)'!$E$4:$E$5000,"가을(러닝)")+ COUNTIFS('주간판매-러닝(CO)'!$I$4:$I$5000,종합!$BG40,'주간판매-러닝(CO)'!$E$4:$E$5000,"겨울(러닝)") -> 0 | BJ40: =SUMIFS('주간판매-러닝(CO)'!$R$4:$R$5000,'주간판매-러닝(CO)'!$I$4:$I$5000,종합!$F40,'주간판매-러닝(CO)'!$E$4:$E$5000,"가을(러닝)")+ SUMIFS('주간판매-러닝(CO)'!$R$4:$R$5000,'주간판매-러닝(CO)'!$I$4:$I$5000,종합!$F40,'주간판매-러닝(CO)'!$E$4:$E$5000,"겨울(러닝)") -> 0 | BK40: =COUNTIFS('주간판매-러닝(CO)'!$P$4:$P$5000,"A",'주간판매-러닝(CO)'!$I$4:$I$5000,종합!$F40,'주간판매-러닝(CO)'!$V$4:$V$5000,">0",'주간판매-러닝(CO)'!$E$4:$E$5000,"가을(러닝)")+ COUNTIFS('주간판매-러닝(CO)'!$P$4:$P$5000,"A",'주간판매-러닝(CO)'!$I$4:$I$5000,종합!$F40,'주간판매-러닝(CO)'!$V$4:$V$5000,">0",'주간판매-러닝(CO)'!$E$4:$E$5000,"겨울(러닝)") -> 0 | BL40: =COUNTIFS('주간판매-러닝(CO)'!$I$4:$I$5000,종합!$F40,'주간판매-러닝(CO)'!$V$4:$V$5000,">0",'주간판매-러닝(CO)'!$E$4:$E$5000,"가을(러닝)")+ COUNTIFS('주간판매-러닝(CO)'!$I$4:$I$5000,종합!$F40,'주간판매-러닝(CO)'!$V$4:$V$5000,">0",'주간판매-러닝(CO)'!$E$4:$E$5000,"겨울(러닝)") -> 0 | BM40: =SUMIFS('주간판매-러닝(CO)'!$V$4:$V$5000,'주간판매-러닝(CO)'!$I$4:$I$5000,종합!$F40,'주간판매-러닝(CO)'!$E$4:$E$5000,"가을(러닝)")+ SUMIFS('주간판매-러닝(CO)'!$V$4:$V$5000,'주간판매-러닝(CO)'!$I$4:$I$5000,종합!$F40,'주간판매-러닝(CO)'!$E$4:$E$5000,"겨울(러닝)") -> 0 | BN40: =IFERROR(BM40/BJ40,"") | BO40: =SUMIFS('생판재-러닝(ST)'!$AI$4:$AI$5000,'생판재-러닝(ST)'!$H$4:$H$5000,종합!$F40,'생판재-러닝(ST)'!$D$4:$D$5000,"가을(러닝)")+ SUMIFS('생판재-러닝(ST)'!$AI$4:$AI$5000,'생판재-러닝(ST)'!$H$4:$H$5000,종합!$F40,'생판재-러닝(ST)'!$D$4:$D$5000,"겨울(러닝)") -> 0 | BP40: =SUMIFS('생판재-러닝(ST)'!$AR$4:$AR$5000,'생판재-러닝(ST)'!$H$4:$H$5000,종합!$F40,'생판재-러닝(ST)'!$D$4:$D$5000,"가을(러닝)")+ SUMIFS('생판재-러닝(ST)'!$AR$4:$AR$5000,'생판재-러닝(ST)'!$H$4:$H$5000,종합!$F40,'생판재-러닝(ST)'!$D$4:$D$5000,"겨울(러닝)") -> 0 | BQ40: =BP40/BP$66 -> 0 | BR40: =SUMIFS('생판재-러닝(ST)'!$AQ$4:$AQ$5000,'생판재-러닝(ST)'!$H$4:$H$5000,종합!$F40,'생판재-러닝(ST)'!$D$4:$D$5000,"가을(러닝)")+ SUMIFS('생판재-러닝(ST)'!$AQ$4:$AQ$5000,'생판재-러닝(ST)'!$H$4:$H$5000,종합!$F40,'생판재-러닝(ST)'!$D$4:$D$5000,"겨울(러닝)") -> 0 | BS40: =BR40/BR$66 -> 0 | BT40: =IFERROR(BR40/BP40/1.1,"") | BU40: =SUMIFS('생판재-러닝(ST)'!$BG$4:$BG$5000,'생판재-러닝(ST)'!$H$4:$H$5000,종합!$F40,'생판재-러닝(ST)'!$D$4:$D$5000,"가을(러닝)")+ SUMIFS('생판재-러닝(ST)'!$BG$4:$BG$5000,'생판재-러닝(ST)'!$H$4:$H$5000,종합!$F40,'생판재-러닝(ST)'!$D$4:$D$5000,"겨울(러닝)") -> 0 | BV40: =IFERROR(BU40/BM40,"") | BW40: =SUMIFS('생판재-러닝(ST)'!$BH$4:$BH$5000,'생판재-러닝(ST)'!$H$4:$H$5000,종합!$F40,'생판재-러닝(ST)'!$D$4:$D$5000,"가을(러닝)")+ SUMIFS('생판재-러닝(ST)'!$BH$4:$BH$5000,'생판재-러닝(ST)'!$H$4:$H$5000,종합!$F40,'생판재-러닝(ST)'!$D$4:$D$5000,"겨울(러닝)") -> 0 | BX40: =SUMIFS('생판재-러닝(ST)'!$BI$4:$BI$5000,'생판재-러닝(ST)'!$H$4:$H$5000,종합!$F40,'생판재-러닝(ST)'!$D$4:$D$5000,"가을(러닝)")+ SUMIFS('생판재-러닝(ST)'!$BI$4:$BI$5000,'생판재-러닝(ST)'!$H$4:$H$5000,종합!$F40,'생판재-러닝(ST)'!$D$4:$D$5000,"겨울(러닝)") -> 0 | BY40: =SUMIFS('생판재-러닝(ST)'!$BJ$4:$BJ$5000,'생판재-러닝(ST)'!$H$4:$H$5000,종합!$F40,'생판재-러닝(ST)'!$D$4:$D$5000,"가을(러닝)")+ SUMIFS('생판재-러닝(ST)'!$BJ$4:$BJ$5000,'생판재-러닝(ST)'!$H$4:$H$5000,종합!$F40,'생판재-러닝(ST)'!$D$4:$D$5000,"겨울(러닝)") -> 0 | BZ40: =IFERROR(1-(BX40/BW40),"") | CA40: =SUMIFS('생판재-러닝(ST)'!$BC$4:$BC$5000,'생판재-러닝(ST)'!$H$4:$H$5000,종합!$F40,'생판재-러닝(ST)'!$D$4:$D$5000,"가을(러닝)")+ SUMIFS('생판재-러닝(ST)'!$BC$4:$BC$5000,'생판재-러닝(ST)'!$H$4:$H$5000,종합!$F40,'생판재-러닝(ST)'!$D$4:$D$5000,"겨울(러닝)") -> 0 | CB40: =SUMIFS('생판재-러닝(ST)'!$BE$4:$BE$5000,'생판재-러닝(ST)'!$H$4:$H$5000,종합!$F40,'생판재-러닝(ST)'!$D$4:$D$5000,"가을(러닝)")+ SUMIFS('생판재-러닝(ST)'!$BE$4:$BE$5000,'생판재-러닝(ST)'!$H$4:$H$5000,종합!$F40,'생판재-러닝(ST)'!$D$4:$D$5000,"겨울(러닝)") -> 0 | CF40: KO | CG40: 니트세트(아우터) | CH40: =COUNTIFS('시점재고(~26.07.31, 생판재)'!$H$4:$H$5000,종합!$CG40) -> 0 | CJ40: =SUMIFS('시점재고(~26.07.31, 생판재)'!$BM$4:$BM$5000,'시점재고(~26.07.31, 생판재)'!$H$4:$H$5000,종합!$CG40) -> 0 | CK40: =SUMIFS('생판재-러닝(ST)'!$BG$4:$BG$5000,'생판재-러닝(ST)'!$H$4:$H$5000,종합!$CG40,'생판재-러닝(ST)'!$D$4:$D$5000,"<>가을(러닝)",'생판재-러닝(ST)'!$D$4:$D$5000,"<>겨울(러닝)")-( SUMIFS('시점재고(~26.07.31, 생판재)'!$BG$4:$BG$5000,'시점재고(~26.07.31, 생판재)'!$H$4:$H$5000,종합!CG40)) -> 0 | CL40: =IFERROR(CK40/#REF!,"") | CM40: =SUMIFS('생판재-러닝(ST)'!$BH$4:$BH$5000,'생판재-러닝(ST)'!$H$4:$H$5000,종합!$F40,'생판재-러닝(ST)'!$D$4:$D$5000,"<>가을(러닝)",'생판재-러닝(ST)'!$D$4:$D$5000,"<>겨울(러닝)")-( SUMIFS('시점재고(~26.07.31, 생판재)'!$BH$4:$BH$5000,'시점재고(~26.07.31, 생판재)'!$H$4:$H$5000,종합!$F40)) -> 0 | CN40: =SUMIFS('생판재-러닝(ST)'!$BI$4:$BI$5000,'생판재-러닝(ST)'!$H$4:$H$5000,종합!$F40,'생판재-러닝(ST)'!$D$4:$D$5000,"<>가을(러닝)",'생판재-러닝(ST)'!$D$4:$D$5000,"<>겨울(러닝)")-( SUMIFS('시점재고(~26.07.31, 생판재)'!$BI$4:$BI$5000,'시점재고(~26.07.31, 생판재)'!$H$4:$H$5000,종합!$F40)) -> 0 | CO40: =SUMIFS('생판재-러닝(ST)'!$BJ$4:$BJ$5000,'생판재-러닝(ST)'!$H$4:$H$5000,종합!$F40,'생판재-러닝(ST)'!$D$4:$D$5000,"<>가을(러닝)",'생판재-러닝(ST)'!$D$4:$D$5000,"<>겨울(러닝)")-( SUMIFS('시점재고(~26.07.31, 생판재)'!$BJ$4:$BJ$5000,'시점재고(~26.07.31, 생판재)'!$H$4:$H$5000,종합!$F40)) -> 0 | CP40: =IFERROR(1-(CN40/CM40),"") | CQ40: =SUMIFS('생판재-러닝(ST)'!$BC$4:$BC$5000,'생판재-러닝(ST)'!$H$4:$H$5000,종합!$F40,'생판재-러닝(ST)'!$D$4:$D$5000,"<>가을(러닝)",'생판재-러닝(ST)'!$D$4:$D$5000,"<>겨울(러닝)") -> 0 | CR40: =SUMIFS('생판재-러닝(ST)'!$BE$4:$BE$5000,'생판재-러닝(ST)'!$H$4:$H$5000,종합!$F40,'생판재-러닝(ST)'!$D$4:$D$5000,"<>가을(러닝)",'생판재-러닝(ST)'!$D$4:$D$5000,"<>겨울(러닝)") -> 0
D41: TOP | E41: KP | F41: 니트풀오버 | G41: =SUMIF('주간판매-26FW(CO)'!$I:$I,종합!$F41,'주간판매-26FW(CO)'!$P:$P) -> 36 | H41: =COUNTIF('주간판매-26FW(CO)'!$I:$I,종합!$F41) -> 94 | I41: =SUMIFS('주간판매-26FW(CO)'!$R$4:$R$5000,'주간판매-26FW(CO)'!$I$4:$I$5000,종합!$F41) -> 49053 | J41: =SUMIFS('주간판매-26FW(CO)'!$P$4:$P$5000,'주간판매-26FW(CO)'!$I$4:$I$5000,종합!$F41,'주간판매-26FW(CO)'!$V$4:$V$5000,">0") -> 7 | K41: =COUNTIFS('주간판매-26FW(CO)'!$I$4:$I$5000,종합!$F41,'주간판매-26FW(CO)'!$V$4:$V$5000,">0") -> 19 | L41: =SUMIFS('주간판매-26FW(CO)'!$V$4:$V$5000,'주간판매-26FW(CO)'!$I$4:$I$5000,종합!$F41) -> 14266 | M41: =IFERROR(L41/I41,"") -> 0.29082829 | N41: =SUMIFS('생판재-26FW(ST)'!$AI$4:$AI$5000,'생판재-26FW(ST)'!$H$4:$H$5000,종합!$F41) -> 525960000 | O41: =SUMIFS('생판재-26FW(ST)'!$AR$4:$AR$5000,'생판재-26FW(ST)'!$H$4:$H$5000,종합!$F41) -> 256406200 | P41: =O41/O$66 -> 0.1164207 | Q41: =SUMIFS('생판재-26FW(ST)'!$AQ$4:$AQ$5000,'생판재-26FW(ST)'!$H$4:$H$5000,종합!$F41) -> 1024049000 | R41: =Q41/Q$66 -> 0.11078273 | S41: =IFERROR(Q41/O41/1.1,"") -> 3.6307766 | T41: =SUMIFS('생판재-26FW(ST)'!$BG$4:$BG$5000,'생판재-26FW(ST)'!$H$4:$H$5000,종합!$F41) -> 1759 | U41: =IFERROR(T41/L41,"") -> 0.12330015 | V41: =SUMIFS('생판재-26FW(ST)'!$BH$4:$BH$5000,'생판재-26FW(ST)'!$H$4:$H$5000,종합!$F41) -> 121993000 | W41: =SUMIFS('생판재-26FW(ST)'!$BI$4:$BI$5000,'생판재-26FW(ST)'!$H$4:$H$5000,종합!$F41) -> 96955198 | X41: =SUMIFS('생판재-26FW(ST)'!$BJ$4:$BJ$5000,'생판재-26FW(ST)'!$H$4:$H$5000,종합!$F41) -> 31332100 | Y41: =IFERROR(1-(W41/V41),"") -> 0.20523966 | Z41: =SUMIFS('생판재-26FW(ST)'!$BC$4:$BC$5000,'생판재-26FW(ST)'!$H$4:$H$5000,종합!$F41) -> 820 | AA41: =SUMIFS('생판재-26FW(ST)'!$BE$4:$BE$5000,'생판재-26FW(ST)'!$H$4:$H$5000,종합!$F41) -> 46011887 | AD41: TOP | AE41: KP | AF41: 니트풀오버 | AG41: =AG84+AG125 -> 37 | AH41: =AH84+AH125 -> 0 | AI41: =AI84+AI125 -> 123929 | AJ41: =AJ84+AJ125 -> 12 | AK41: =AK84+AK125 -> 0 | AL41: =AL84+AL125 -> 32237 | AM41: =IFERROR(AL41/AI41,"") -> 0.26012475 | AN41: =AN84+AN125 -> 1843336300 | AO41: =AO84+AO125 -> 489625660 | AP41: =AO41/AO$109 -> 0.22540445 | AQ41: =AQ84+AQ125 -> 1958279000 | AR41: =AQ41/AQ$109 -> 0.20907243 | AS41: =IFERROR(AQ41/AO41/1.1,"") -> 3.6359484 | AT41: =AT84+AT125 -> 3199 | AU41: =IFERROR(AT41/AL41,"") -> 0.0992338 | AV41: =AV84+AV125 -> 187341000 | AW41: =AW84+AW125 -> 131196356 | AX41: =AX84+AX125 -> 47992100 | AY41: =IFERROR(1-(AW41/AV41),"") -> 0.29969224 | AZ41: =AZ84+AZ125 -> 1067 | BA41: =BA84+BA125 -> 47757703 | BE41: TOP | BF41: KP | BG41: 니트풀오버 | BH41: =SUMIFS('주간판매-러닝(CO)'!$P$4:$P$5000,'주간판매-러닝(CO)'!$I$4:$I$5000,종합!$BG41) -> 7 | BI41: =COUNTIFS('주간판매-러닝(CO)'!$I$4:$I$5000,종합!$BG41,'주간판매-러닝(CO)'!$E$4:$E$5000,"가을(러닝)")+ COUNTIFS('주간판매-러닝(CO)'!$I$4:$I$5000,종합!$BG41,'주간판매-러닝(CO)'!$E$4:$E$5000,"겨울(러닝)") -> 24 | BJ41: =SUMIFS('주간판매-러닝(CO)'!$R$4:$R$5000,'주간판매-러닝(CO)'!$I$4:$I$5000,종합!$F41,'주간판매-러닝(CO)'!$E$4:$E$5000,"가을(러닝)")+ SUMIFS('주간판매-러닝(CO)'!$R$4:$R$5000,'주간판매-러닝(CO)'!$I$4:$I$5000,종합!$F41,'주간판매-러닝(CO)'!$E$4:$E$5000,"겨울(러닝)") -> 27400 | BK41: =COUNTIFS('주간판매-러닝(CO)'!$P$4:$P$5000,"A",'주간판매-러닝(CO)'!$I$4:$I$5000,종합!$F41,'주간판매-러닝(CO)'!$V$4:$V$5000,">0",'주간판매-러닝(CO)'!$E$4:$E$5000,"가을(러닝)")+ COUNTIFS('주간판매-러닝(CO)'!$P$4:$P$5000,"A",'주간판매-러닝(CO)'!$I$4:$I$5000,종합!$F41,'주간판매-러닝(CO)'!$V$4:$V$5000,">0",'주간판매-러닝(CO)'!$E$4:$E$5000,"겨울(러닝)") -> 6 | BL41: =COUNTIFS('주간판매-러닝(CO)'!$I$4:$I$5000,종합!$F41,'주간판매-러닝(CO)'!$V$4:$V$5000,">0",'주간판매-러닝(CO)'!$E$4:$E$5000,"가을(러닝)")+ COUNTIFS('주간판매-러닝(CO)'!$I$4:$I$5000,종합!$F41,'주간판매-러닝(CO)'!$V$4:$V$5000,">0",'주간판매-러닝(CO)'!$E$4:$E$5000,"겨울(러닝)") -> 24 | BM41: =SUMIFS('주간판매-러닝(CO)'!$V$4:$V$5000,'주간판매-러닝(CO)'!$I$4:$I$5000,종합!$F41,'주간판매-러닝(CO)'!$E$4:$E$5000,"가을(러닝)")+ SUMIFS('주간판매-러닝(CO)'!$V$4:$V$5000,'주간판매-러닝(CO)'!$I$4:$I$5000,종합!$F41,'주간판매-러닝(CO)'!$E$4:$E$5000,"겨울(러닝)") -> 27902 | BN41: =IFERROR(BM41/BJ41,"") -> 1.0183212 | BO41: =SUMIFS('생판재-러닝(ST)'!$AI$4:$AI$5000,'생판재-러닝(ST)'!$H$4:$H$5000,종합!$F41,'생판재-러닝(ST)'!$D$4:$D$5000,"가을(러닝)")+ SUMIFS('생판재-러닝(ST)'!$AI$4:$AI$5000,'생판재-러닝(ST)'!$H$4:$H$5000,종합!$F41,'생판재-러닝(ST)'!$D$4:$D$5000,"겨울(러닝)") -> 439570000 | BP41: =SUMIFS('생판재-러닝(ST)'!$AR$4:$AR$5000,'생판재-러닝(ST)'!$H$4:$H$5000,종합!$F41,'생판재-러닝(ST)'!$D$4:$D$5000,"가을(러닝)")+ SUMIFS('생판재-러닝(ST)'!$AR$4:$AR$5000,'생판재-러닝(ST)'!$H$4:$H$5000,종합!$F41,'생판재-러닝(ST)'!$D$4:$D$5000,"겨울(러닝)") -> 448959900 | BQ41: =BP41/BP$66 -> 0.1465525 | BR41: =SUMIFS('생판재-러닝(ST)'!$AQ$4:$AQ$5000,'생판재-러닝(ST)'!$H$4:$H$5000,종합!$F41,'생판재-러닝(ST)'!$D$4:$D$5000,"가을(러닝)")+ SUMIFS('생판재-러닝(ST)'!$AQ$4:$AQ$5000,'생판재-러닝(ST)'!$H$4:$H$5000,종합!$F41,'생판재-러닝(ST)'!$D$4:$D$5000,"겨울(러닝)") -> 1728824000 | BS41: =BR41/BR$66 -> 0.12717013 | BT41: =IFERROR(BR41/BP41/1.1,"") -> 3.5006649 | BU41: =SUMIFS('생판재-러닝(ST)'!$BG$4:$BG$5000,'생판재-러닝(ST)'!$H$4:$H$5000,종합!$F41,'생판재-러닝(ST)'!$D$4:$D$5000,"가을(러닝)")+ SUMIFS('생판재-러닝(ST)'!$BG$4:$BG$5000,'생판재-러닝(ST)'!$H$4:$H$5000,종합!$F41,'생판재-러닝(ST)'!$D$4:$D$5000,"겨울(러닝)") -> 462 | BV41: =IFERROR(BU41/BM41,"") -> 0.016557953 | BW41: =SUMIFS('생판재-러닝(ST)'!$BH$4:$BH$5000,'생판재-러닝(ST)'!$H$4:$H$5000,종합!$F41,'생판재-러닝(ST)'!$D$4:$D$5000,"가을(러닝)")+ SUMIFS('생판재-러닝(ST)'!$BH$4:$BH$5000,'생판재-러닝(ST)'!$H$4:$H$5000,종합!$F41,'생판재-러닝(ST)'!$D$4:$D$5000,"겨울(러닝)") -> 28231000 | BX41: =SUMIFS('생판재-러닝(ST)'!$BI$4:$BI$5000,'생판재-러닝(ST)'!$H$4:$H$5000,종합!$F41,'생판재-러닝(ST)'!$D$4:$D$5000,"가을(러닝)")+ SUMIFS('생판재-러닝(ST)'!$BI$4:$BI$5000,'생판재-러닝(ST)'!$H$4:$H$5000,종합!$F41,'생판재-러닝(ST)'!$D$4:$D$5000,"겨울(러닝)") -> 21256397 | BY41: =SUMIFS('생판재-러닝(ST)'!$BJ$4:$BJ$5000,'생판재-러닝(ST)'!$H$4:$H$5000,종합!$F41,'생판재-러닝(ST)'!$D$4:$D$5000,"가을(러닝)")+ SUMIFS('생판재-러닝(ST)'!$BJ$4:$BJ$5000,'생판재-러닝(ST)'!$H$4:$H$5000,종합!$F41,'생판재-러닝(ST)'!$D$4:$D$5000,"겨울(러닝)") -> 7163500 | BZ41: =IFERROR(1-(BX41/BW41),"") -> 0.24705476 | CA41: =SUMIFS('생판재-러닝(ST)'!$BC$4:$BC$5000,'생판재-러닝(ST)'!$H$4:$H$5000,종합!$F41,'생판재-러닝(ST)'!$D$4:$D$5000,"가을(러닝)")+ SUMIFS('생판재-러닝(ST)'!$BC$4:$BC$5000,'생판재-러닝(ST)'!$H$4:$H$5000,종합!$F41,'생판재-러닝(ST)'!$D$4:$D$5000,"겨울(러닝)") -> 222 | CB41: =SUMIFS('생판재-러닝(ST)'!$BE$4:$BE$5000,'생판재-러닝(ST)'!$H$4:$H$5000,종합!$F41,'생판재-러닝(ST)'!$D$4:$D$5000,"가을(러닝)")+ SUMIFS('생판재-러닝(ST)'!$BE$4:$BE$5000,'생판재-러닝(ST)'!$H$4:$H$5000,종합!$F41,'생판재-러닝(ST)'!$D$4:$D$5000,"겨울(러닝)") -> 10707277 | CE41: TOP | CF41: KP | CG41: 니트풀오버 | CH41: =COUNTIFS('시점재고(~26.07.31, 생판재)'!$H$4:$H$5000,종합!$CG41) -> 7 | CJ41: =SUMIFS('시점재고(~26.07.31, 생판재)'!$BM$4:$BM$5000,'시점재고(~26.07.31, 생판재)'!$H$4:$H$5000,종합!$CG41) -> 21592 | CK41: =SUMIFS('생판재-러닝(ST)'!$BG$4:$BG$5000,'생판재-러닝(ST)'!$H$4:$H$5000,종합!$CG41,'생판재-러닝(ST)'!$D$4:$D$5000,"<>가을(러닝)",'생판재-러닝(ST)'!$D$4:$D$5000,"<>겨울(러닝)")-( SUMIFS('시점재고(~26.07.31, 생판재)'!$BG$4:$BG$5000,'시점재고(~26.07.31, 생판재)'!$H$4:$H$5000,종합!CG41)) -> 786 | CL41: =IFERROR(CK41/#REF!,"") | CM41: =SUMIFS('생판재-러닝(ST)'!$BH$4:$BH$5000,'생판재-러닝(ST)'!$H$4:$H$5000,종합!$F41,'생판재-러닝(ST)'!$D$4:$D$5000,"<>가을(러닝)",'생판재-러닝(ST)'!$D$4:$D$5000,"<>겨울(러닝)")-( SUMIFS('시점재고(~26.07.31, 생판재)'!$BH$4:$BH$5000,'시점재고(~26.07.31, 생판재)'!$H$4:$H$5000,종합!$F41)) -> 54698000 | CN41: =SUMIFS('생판재-러닝(ST)'!$BI$4:$BI$5000,'생판재-러닝(ST)'!$H$4:$H$5000,종합!$F41,'생판재-러닝(ST)'!$D$4:$D$5000,"<>가을(러닝)",'생판재-러닝(ST)'!$D$4:$D$5000,"<>겨울(러닝)")-( SUMIFS('시점재고(~26.07.31, 생판재)'!$BI$4:$BI$5000,'시점재고(~26.07.31, 생판재)'!$H$4:$H$5000,종합!$F41)) -> 38560387 | CO41: =SUMIFS('생판재-러닝(ST)'!$BJ$4:$BJ$5000,'생판재-러닝(ST)'!$H$4:$H$5000,종합!$F41,'생판재-러닝(ST)'!$D$4:$D$5000,"<>가을(러닝)",'생판재-러닝(ST)'!$D$4:$D$5000,"<>겨울(러닝)")-( SUMIFS('시점재고(~26.07.31, 생판재)'!$BJ$4:$BJ$5000,'시점재고(~26.07.31, 생판재)'!$H$4:$H$5000,종합!$F41)) -> 12562300 | CP41: =IFERROR(1-(CN41/CM41),"") -> 0.29503113 | CQ41: =SUMIFS('생판재-러닝(ST)'!$BC$4:$BC$5000,'생판재-러닝(ST)'!$H$4:$H$5000,종합!$F41,'생판재-러닝(ST)'!$D$4:$D$5000,"<>가을(러닝)",'생판재-러닝(ST)'!$D$4:$D$5000,"<>겨울(러닝)") -> 218 | CR41: =SUMIFS('생판재-러닝(ST)'!$BE$4:$BE$5000,'생판재-러닝(ST)'!$H$4:$H$5000,종합!$F41,'생판재-러닝(ST)'!$D$4:$D$5000,"<>가을(러닝)",'생판재-러닝(ST)'!$D$4:$D$5000,"<>겨울(러닝)") -> 13047605
E42: KNIT S.TTL | G42: =SUM(G38:G41) -> 58 | H42: =SUM(H38:H41) -> 150 | I42: =SUM(I38:I41) -> 72431 | J42: =SUM(J38:J41) -> 11 | K42: =SUM(K38:K41) -> 31 | L42: =SUM(L38:L41) -> 24015 | M42: =IFERROR(L42/I42,"") -> 0.33155693 | N42: =SUM(N38:N41) -> 967280000 | O42: =SUM(O38:O41) -> 459912100 | P42: =O42/O$66 -> 0.20882213 | Q42: =SUM(Q38:Q41) -> 1844070000 | R42: =Q42/Q$66 -> 0.1994935 | S42: =IFERROR(Q42/O42/1.1,"") -> 3.6451036 | T42: =SUM(T38:T41) -> 2107 | U42: =IFERROR(T42/L42,"") -> 0.087736831 | V42: =SUM(V38:V41) -> 152165000 | W42: =SUM(W38:W41) -> 121047947 | X42: =SUM(X38:X41) -> 39087800 | Y42: =IFERROR(1-(W42/V42),"") -> 0.20449547 | Z42: =SUM(Z38:Z41) -> 984 | AA42: =SUM(AA38:AA41) -> 57682456 | AE42: KNIT S.TTL | AG42: =SUM(AG38:AG41) -> 67 | AH42: =SUM(AH38:AH41) -> 0 | AI42: =SUM(AI38:AI41) -> 205469 | AJ42: =SUM(AJ38:AJ41) -> 23 | AK42: =SUM(AK38:AK41) -> 0 | AL42: =SUM(AL38:AL41) -> 52332 | AM42: =IFERROR(AL42/AI42,"") -> 0.25469536 | AN42: =SUM(AN38:AN41) -> 3326929700 | AO42: =SUM(AO38:AO41) -> 850888060 | AP42: =AO42/AO$109 -> 0.39171549 | AQ42: =SUM(AQ38:AQ41) -> 3367292000 | AR42: =AQ42/AQ$109 -> 0.35950338 | AS42: =IFERROR(AQ42/AO42/1.1,"") -> 3.5976231 | AT42: =SUM(AT38:AT41) -> 4880 | AU42: =IFERROR(AT42/AL42,"") -> 0.093250783 | AV42: =SUM(AV38:AV41) -> 304901000 | AW42: =SUM(AW38:AW41) -> 204936515 | AX42: =SUM(AX38:AX41) -> 78507900 | AY42: =IFERROR(1-(AW42/AV42),"") -> 0.32785883 | AZ42: =SUM(AZ38:AZ41) -> 1848 | BA42: =SUM(BA38:BA41) -> 86563451 | BF42: KNIT S.TTL | BH42: =SUM(BH38:BH41) -> 15 | BI42: =SUM(BI38:BI41) -> 69 | BJ42: =SUM(BJ38:BJ41) -> 124800 | BK42: =SUM(BK38:BK41) -> 13 | BL42: =SUM(BL38:BL41) -> 60 | BM42: =SUM(BM38:BM41) -> 98986 | BN42: =IFERROR(BM42/BJ42,"") -> 0.79315705 | BO42: =SUM(BO38:BO41) -> 1985950000 | BP42: =SUM(BP38:BP41) -> 1578327100 | BQ42: =BP42/BP$66 -> 0.51520811 | BR42: =SUM(BR38:BR41) -> 7237248000 | BS42: =BR42/BR$66 -> 0.53236291 | BT42: =IFERROR(BR42/BP42/1.1,"") -> 4.1685379 | BU42: =SUM(BU38:BU41) -> 2961 | BV42: =IFERROR(BU42/BM42,"") -> 0.029913321 | BW42: =SUM(BW38:BW41) -> 222068000 | BX42: =SUM(BX38:BX41) -> 130500212 | BY42: =SUM(BY38:BY41) -> 47033600 | BZ42: =IFERROR(1-(BX42/BW42),"") -> 0.41234121 | CA42: =SUM(CA38:CA41) -> 1502 | CB42: =SUM(CB38:CB41) -> 66798557 | CF42: KNIT S.TTL | CH42: =SUM(CH38:CH41) -> 15 | CI42: =SUM(CI38:CI41) -> 0 | CJ42: =SUM(CJ38:CJ41) -> 102700 | CK42: =SUM(CK38:CK41) -> 9968 | CL42: =IFERROR(CK42/#REF!,"") | CM42: =SUM(CM38:CM41) -> 795327000 | CN42: =SUM(CN38:CN41) -> 377906372 | CO42: =SUM(CO38:CO41) -> 130963200 | CP42: =IFERROR(1-(CN42/CM42),"") -> 0.52484152 | CQ42: =SUM(CQ38:CQ41) -> 2633 | CR42: =SUM(CR38:CR41) -> 107049523
E43: BL | F43: 블라우스 | G43: =SUMIF('주간판매-26FW(CO)'!$I:$I,종합!$F43,'주간판매-26FW(CO)'!$P:$P) -> 0 | H43: =COUNTIF('주간판매-26FW(CO)'!$I:$I,종합!$F43) -> 0 | I43: =SUMIFS('주간판매-26FW(CO)'!$R$4:$R$5000,'주간판매-26FW(CO)'!$I$4:$I$5000,종합!$F43) -> 0 | J43: =SUMIFS('주간판매-26FW(CO)'!$P$4:$P$5000,'주간판매-26FW(CO)'!$I$4:$I$5000,종합!$F43,'주간판매-26FW(CO)'!$V$4:$V$5000,">0") -> 0 | K43: =COUNTIFS('주간판매-26FW(CO)'!$I$4:$I$5000,종합!$F43,'주간판매-26FW(CO)'!$V$4:$V$5000,">0") -> 0 | L43: =SUMIFS('주간판매-26FW(CO)'!$V$4:$V$5000,'주간판매-26FW(CO)'!$I$4:$I$5000,종합!$F43) -> 0 | M43: =IFERROR(L43/I43,"") | N43: =SUMIFS('생판재-26FW(ST)'!$AI$4:$AI$5000,'생판재-26FW(ST)'!$H$4:$H$5000,종합!$F43) -> 0 | O43: =SUMIFS('생판재-26FW(ST)'!$AR$4:$AR$5000,'생판재-26FW(ST)'!$H$4:$H$5000,종합!$F43) -> 0 | P43: =O43/O$66 -> 0 | Q43: =SUMIFS('생판재-26FW(ST)'!$AQ$4:$AQ$5000,'생판재-26FW(ST)'!$H$4:$H$5000,종합!$F43) -> 0 | R43: =Q43/Q$66 -> 0 | S43: =IFERROR(Q43/O43/1.1,"") | T43: =SUMIFS('생판재-26FW(ST)'!$BG$4:$BG$5000,'생판재-26FW(ST)'!$H$4:$H$5000,종합!$F43) -> 0 | U43: =IFERROR(T43/L43,"") | V43: =SUMIFS('생판재-26FW(ST)'!$BH$4:$BH$5000,'생판재-26FW(ST)'!$H$4:$H$5000,종합!$F43) -> 0 | W43: =SUMIFS('생판재-26FW(ST)'!$BI$4:$BI$5000,'생판재-26FW(ST)'!$H$4:$H$5000,종합!$F43) -> 0 | X43: =SUMIFS('생판재-26FW(ST)'!$BJ$4:$BJ$5000,'생판재-26FW(ST)'!$H$4:$H$5000,종합!$F43) -> 0 | Y43: =IFERROR(1-(W43/V43),"") | Z43: =SUMIFS('생판재-26FW(ST)'!$BC$4:$BC$5000,'생판재-26FW(ST)'!$H$4:$H$5000,종합!$F43) -> 0 | AA43: =SUMIFS('생판재-26FW(ST)'!$BE$4:$BE$5000,'생판재-26FW(ST)'!$H$4:$H$5000,종합!$F43) -> 0 | AE43: BL | AF43: 블라우스 | AG43: =AG86+AG127 -> 0 | AH43: =AH86+AH127 -> 0 | AI43: =AI86+AI127 -> 0 | AJ43: =AJ86+AJ127 -> 0 | AK43: =AK86+AK127 -> 0 | AL43: =AL86+AL127 -> 0 | AM43: =IFERROR(AL43/AI43,"") | AN43: =AN86+AN127 -> 0 | AO43: =AO86+AO127 -> 0 | AP43: =AO43/AO$109 -> 0 | AQ43: =AQ86+AQ127 -> 0 | AR43: =AQ43/AQ$109 -> 0 | AS43: =IFERROR(AQ43/AO43/1.1,"") | AT43: =AT86+AT127 -> 0 | AU43: =IFERROR(AT43/AL43,"") | AV43: =AV86+AV127 -> 0 | AW43: =AW86+AW127 -> 0 | AX43: =AX86+AX127 -> 0 | AY43: =IFERROR(1-(AW43/AV43),"") | AZ43: =AZ86+AZ127 -> 0 | BA43: =BA86+BA127 -> 0 | BF43: BL | BG43: 블라우스 | BH43: =SUMIFS('주간판매-러닝(CO)'!$P$4:$P$5000,'주간판매-러닝(CO)'!$I$4:$I$5000,종합!$BG43) -> 0 | BI43: =COUNTIFS('주간판매-러닝(CO)'!$I$4:$I$5000,종합!$BG43,'주간판매-러닝(CO)'!$E$4:$E$5000,"가을(러닝)")+ COUNTIFS('주간판매-러닝(CO)'!$I$4:$I$5000,종합!$BG43,'주간판매-러닝(CO)'!$E$4:$E$5000,"겨울(러닝)") -> 0 | BJ43: =SUMIFS('주간판매-러닝(CO)'!$R$4:$R$5000,'주간판매-러닝(CO)'!$I$4:$I$5000,종합!$F43,'주간판매-러닝(CO)'!$E$4:$E$5000,"가을(러닝)")+ SUMIFS('주간판매-러닝(CO)'!$R$4:$R$5000,'주간판매-러닝(CO)'!$I$4:$I$5000,종합!$F43,'주간판매-러닝(CO)'!$E$4:$E$5000,"겨울(러닝)") -> 0 | BK43: =COUNTIFS('주간판매-러닝(CO)'!$P$4:$P$5000,"A",'주간판매-러닝(CO)'!$I$4:$I$5000,종합!$F43,'주간판매-러닝(CO)'!$V$4:$V$5000,">0",'주간판매-러닝(CO)'!$E$4:$E$5000,"가을(러닝)")+ COUNTIFS('주간판매-러닝(CO)'!$P$4:$P$5000,"A",'주간판매-러닝(CO)'!$I$4:$I$5000,종합!$F43,'주간판매-러닝(CO)'!$V$4:$V$5000,">0",'주간판매-러닝(CO)'!$E$4:$E$5000,"겨울(러닝)") -> 0 | BL43: =COUNTIFS('주간판매-러닝(CO)'!$I$4:$I$5000,종합!$F43,'주간판매-러닝(CO)'!$V$4:$V$5000,">0",'주간판매-러닝(CO)'!$E$4:$E$5000,"가을(러닝)")+ COUNTIFS('주간판매-러닝(CO)'!$I$4:$I$5000,종합!$F43,'주간판매-러닝(CO)'!$V$4:$V$5000,">0",'주간판매-러닝(CO)'!$E$4:$E$5000,"겨울(러닝)") -> 0 | BM43: =SUMIFS('주간판매-러닝(CO)'!$V$4:$V$5000,'주간판매-러닝(CO)'!$I$4:$I$5000,종합!$F43,'주간판매-러닝(CO)'!$E$4:$E$5000,"가을(러닝)")+ SUMIFS('주간판매-러닝(CO)'!$V$4:$V$5000,'주간판매-러닝(CO)'!$I$4:$I$5000,종합!$F43,'주간판매-러닝(CO)'!$E$4:$E$5000,"겨울(러닝)") -> 0 | BN43: =IFERROR(BM43/BJ43,"") | BO43: =SUMIFS('생판재-러닝(ST)'!$AI$4:$AI$5000,'생판재-러닝(ST)'!$H$4:$H$5000,종합!$F43,'생판재-러닝(ST)'!$D$4:$D$5000,"가을(러닝)")+ SUMIFS('생판재-러닝(ST)'!$AI$4:$AI$5000,'생판재-러닝(ST)'!$H$4:$H$5000,종합!$F43,'생판재-러닝(ST)'!$D$4:$D$5000,"겨울(러닝)") -> 0 | BP43: =SUMIFS('생판재-러닝(ST)'!$AR$4:$AR$5000,'생판재-러닝(ST)'!$H$4:$H$5000,종합!$F43,'생판재-러닝(ST)'!$D$4:$D$5000,"가을(러닝)")+ SUMIFS('생판재-러닝(ST)'!$AR$4:$AR$5000,'생판재-러닝(ST)'!$H$4:$H$5000,종합!$F43,'생판재-러닝(ST)'!$D$4:$D$5000,"겨울(러닝)") -> 0 | BQ43: =BP43/BP$66 -> 0 | BR43: =SUMIFS('생판재-러닝(ST)'!$AQ$4:$AQ$5000,'생판재-러닝(ST)'!$H$4:$H$5000,종합!$F43,'생판재-러닝(ST)'!$D$4:$D$5000,"가을(러닝)")+ SUMIFS('생판재-러닝(ST)'!$AQ$4:$AQ$5000,'생판재-러닝(ST)'!$H$4:$H$5000,종합!$F43,'생판재-러닝(ST)'!$D$4:$D$5000,"겨울(러닝)") -> 0 | BS43: =BR43/BR$66 -> 0 | BT43: =IFERROR(BR43/BP43/1.1,"") | BU43: =SUMIFS('생판재-러닝(ST)'!$BG$4:$BG$5000,'생판재-러닝(ST)'!$H$4:$H$5000,종합!$F43,'생판재-러닝(ST)'!$D$4:$D$5000,"가을(러닝)")+ SUMIFS('생판재-러닝(ST)'!$BG$4:$BG$5000,'생판재-러닝(ST)'!$H$4:$H$5000,종합!$F43,'생판재-러닝(ST)'!$D$4:$D$5000,"겨울(러닝)") -> 0 | BV43: =IFERROR(BU43/BM43,"") | BW43: =SUMIFS('생판재-러닝(ST)'!$BH$4:$BH$5000,'생판재-러닝(ST)'!$H$4:$H$5000,종합!$F43,'생판재-러닝(ST)'!$D$4:$D$5000,"가을(러닝)")+ SUMIFS('생판재-러닝(ST)'!$BH$4:$BH$5000,'생판재-러닝(ST)'!$H$4:$H$5000,종합!$F43,'생판재-러닝(ST)'!$D$4:$D$5000,"겨울(러닝)") -> 0 | BX43: =SUMIFS('생판재-러닝(ST)'!$BI$4:$BI$5000,'생판재-러닝(ST)'!$H$4:$H$5000,종합!$F43,'생판재-러닝(ST)'!$D$4:$D$5000,"가을(러닝)")+ SUMIFS('생판재-러닝(ST)'!$BI$4:$BI$5000,'생판재-러닝(ST)'!$H$4:$H$5000,종합!$F43,'생판재-러닝(ST)'!$D$4:$D$5000,"겨울(러닝)") -> 0 | BY43: =SUMIFS('생판재-러닝(ST)'!$BJ$4:$BJ$5000,'생판재-러닝(ST)'!$H$4:$H$5000,종합!$F43,'생판재-러닝(ST)'!$D$4:$D$5000,"가을(러닝)")+ SUMIFS('생판재-러닝(ST)'!$BJ$4:$BJ$5000,'생판재-러닝(ST)'!$H$4:$H$5000,종합!$F43,'생판재-러닝(ST)'!$D$4:$D$5000,"겨울(러닝)") -> 0 | BZ43: =IFERROR(1-(BX43/BW43),"") | CA43: =SUMIFS('생판재-러닝(ST)'!$BC$4:$BC$5000,'생판재-러닝(ST)'!$H$4:$H$5000,종합!$F43,'생판재-러닝(ST)'!$D$4:$D$5000,"가을(러닝)")+ SUMIFS('생판재-러닝(ST)'!$BC$4:$BC$5000,'생판재-러닝(ST)'!$H$4:$H$5000,종합!$F43,'생판재-러닝(ST)'!$D$4:$D$5000,"겨울(러닝)") -> 0 | CB43: =SUMIFS('생판재-러닝(ST)'!$BE$4:$BE$5000,'생판재-러닝(ST)'!$H$4:$H$5000,종합!$F43,'생판재-러닝(ST)'!$D$4:$D$5000,"가을(러닝)")+ SUMIFS('생판재-러닝(ST)'!$BE$4:$BE$5000,'생판재-러닝(ST)'!$H$4:$H$5000,종합!$F43,'생판재-러닝(ST)'!$D$4:$D$5000,"겨울(러닝)") -> 0 | CF43: BL | CG43: 블라우스 | CH43: =COUNTIFS('시점재고(~26.07.31, 생판재)'!$H$4:$H$5000,종합!$CG43) -> 0 | CJ43: =SUMIFS('시점재고(~26.07.31, 생판재)'!$BM$4:$BM$5000,'시점재고(~26.07.31, 생판재)'!$H$4:$H$5000,종합!$CG43) -> 0 | CK43: =SUMIFS('생판재-러닝(ST)'!$BG$4:$BG$5000,'생판재-러닝(ST)'!$H$4:$H$5000,종합!$CG43,'생판재-러닝(ST)'!$D$4:$D$5000,"<>가을(러닝)",'생판재-러닝(ST)'!$D$4:$D$5000,"<>겨울(러닝)")-( SUMIFS('시점재고(~26.07.31, 생판재)'!$BG$4:$BG$5000,'시점재고(~26.07.31, 생판재)'!$H$4:$H$5000,종합!CG43)) -> 0 | CL43: =IFERROR(CK43/#REF!,"") | CM43: =SUMIFS('생판재-러닝(ST)'!$BH$4:$BH$5000,'생판재-러닝(ST)'!$H$4:$H$5000,종합!$F43,'생판재-러닝(ST)'!$D$4:$D$5000,"<>가을(러닝)",'생판재-러닝(ST)'!$D$4:$D$5000,"<>겨울(러닝)")-( SUMIFS('시점재고(~26.07.31, 생판재)'!$BH$4:$BH$5000,'시점재고(~26.07.31, 생판재)'!$H$4:$H$5000,종합!$F43)) -> 0 | CN43: =SUMIFS('생판재-러닝(ST)'!$BI$4:$BI$5000,'생판재-러닝(ST)'!$H$4:$H$5000,종합!$F43,'생판재-러닝(ST)'!$D$4:$D$5000,"<>가을(러닝)",'생판재-러닝(ST)'!$D$4:$D$5000,"<>겨울(러닝)")-( SUMIFS('시점재고(~26.07.31, 생판재)'!$BI$4:$BI$5000,'시점재고(~26.07.31, 생판재)'!$H$4:$H$5000,종합!$F43)) -> 0 | CO43: =SUMIFS('생판재-러닝(ST)'!$BJ$4:$BJ$5000,'생판재-러닝(ST)'!$H$4:$H$5000,종합!$F43,'생판재-러닝(ST)'!$D$4:$D$5000,"<>가을(러닝)",'생판재-러닝(ST)'!$D$4:$D$5000,"<>겨울(러닝)")-( SUMIFS('시점재고(~26.07.31, 생판재)'!$BJ$4:$BJ$5000,'시점재고(~26.07.31, 생판재)'!$H$4:$H$5000,종합!$F43)) -> 0 | CP43: =IFERROR(1-(CN43/CM43),"") | CQ43: =SUMIFS('생판재-러닝(ST)'!$BC$4:$BC$5000,'생판재-러닝(ST)'!$H$4:$H$5000,종합!$F43,'생판재-러닝(ST)'!$D$4:$D$5000,"<>가을(러닝)",'생판재-러닝(ST)'!$D$4:$D$5000,"<>겨울(러닝)") -> 0 | CR43: =SUMIFS('생판재-러닝(ST)'!$BE$4:$BE$5000,'생판재-러닝(ST)'!$H$4:$H$5000,종합!$F43,'생판재-러닝(ST)'!$D$4:$D$5000,"<>가을(러닝)",'생판재-러닝(ST)'!$D$4:$D$5000,"<>겨울(러닝)") -> 0
E44: OP | F44: 원피스 | G44: =SUMIF('주간판매-26FW(CO)'!$I:$I,종합!$F44,'주간판매-26FW(CO)'!$P:$P) -> 5 | H44: =COUNTIF('주간판매-26FW(CO)'!$I:$I,종합!$F44) -> 8 | I44: =SUMIFS('주간판매-26FW(CO)'!$R$4:$R$5000,'주간판매-26FW(CO)'!$I$4:$I$5000,종합!$F44) -> 2702 | J44: =SUMIFS('주간판매-26FW(CO)'!$P$4:$P$5000,'주간판매-26FW(CO)'!$I$4:$I$5000,종합!$F44,'주간판매-26FW(CO)'!$V$4:$V$5000,">0") -> 1 | K44: =COUNTIFS('주간판매-26FW(CO)'!$I$4:$I$5000,종합!$F44,'주간판매-26FW(CO)'!$V$4:$V$5000,">0") -> 2 | L44: =SUMIFS('주간판매-26FW(CO)'!$V$4:$V$5000,'주간판매-26FW(CO)'!$I$4:$I$5000,종합!$F44) -> 844 | M44: =IFERROR(L44/I44,"") -> 0.31236121 | N44: =SUMIFS('생판재-26FW(ST)'!$AI$4:$AI$5000,'생판재-26FW(ST)'!$H$4:$H$5000,종합!$F44) -> 39110000 | O44: =SUMIFS('생판재-26FW(ST)'!$AR$4:$AR$5000,'생판재-26FW(ST)'!$H$4:$H$5000,종합!$F44) -> 13082000 | P44: =O44/O$66 -> 0.0059398547 | Q44: =SUMIFS('생판재-26FW(ST)'!$AQ$4:$AQ$5000,'생판재-26FW(ST)'!$H$4:$H$5000,종합!$F44) -> 58236000 | R44: =Q44/Q$66 -> 0.0063000338 | S44: =IFERROR(Q44/O44/1.1,"") -> 4.0469208 | T44: =SUMIFS('생판재-26FW(ST)'!$BG$4:$BG$5000,'생판재-26FW(ST)'!$H$4:$H$5000,종합!$F44) -> 40 | U44: =IFERROR(T44/L44,"") -> 0.047393365 | V44: =SUMIFS('생판재-26FW(ST)'!$BH$4:$BH$5000,'생판재-26FW(ST)'!$H$4:$H$5000,종합!$F44) -> 2760000 | W44: =SUMIFS('생판재-26FW(ST)'!$BI$4:$BI$5000,'생판재-26FW(ST)'!$H$4:$H$5000,종합!$F44) -> 1795115 | X44: =SUMIFS('생판재-26FW(ST)'!$BJ$4:$BJ$5000,'생판재-26FW(ST)'!$H$4:$H$5000,종합!$F44) -> 620000 | Y44: =IFERROR(1-(W44/V44),"") -> 0.34959601 | Z44: =SUMIFS('생판재-26FW(ST)'!$BC$4:$BC$5000,'생판재-26FW(ST)'!$H$4:$H$5000,종합!$F44) -> 34 | AA44: =SUMIFS('생판재-26FW(ST)'!$BE$4:$BE$5000,'생판재-26FW(ST)'!$H$4:$H$5000,종합!$F44) -> 1480690 | AE44: OP | AF44: 원피스 | AG44: =AG87+AG128 -> 12 | AH44: =AH87+AH128 -> 0 | AI44: =AI87+AI128 -> 15290 | AJ44: =AJ87+AJ128 -> 4 | AK44: =AK87+AK128 -> 0 | AL44: =AL87+AL128 -> 4909 | AM44: =IFERROR(AL44/AI44,"") -> 0.32105952 | AN44: =AN87+AN128 -> 324090000 | AO44: =AO87+AO128 -> 98227900 | AP44: =AO44/AO$109 -> 0.045220273 | AQ44: =AQ87+AQ128 -> 483531000 | AR44: =AQ44/AQ$109 -> 0.05162339 | AS44: =IFERROR(AQ44/AO44/1.1,"") -> 4.4750385 | AT44: =AT87+AT128 -> 388 | AU44: =IFERROR(AT44/AL44,"") -> 0.079038501 | AV44: =AV87+AV128 -> 32282000 | AW44: =AW87+AW128 -> 20435595 | AX44: =AX87+AX128 -> 7153700 | AY44: =IFERROR(1-(AW44/AV44),"") -> 0.36696627 | AZ44: =AZ87+AZ128 -> 144 | BA44: =BA87+BA128 -> 6920757 | BF44: OP | BG44: 원피스 | BH44: =SUMIFS('주간판매-러닝(CO)'!$P$4:$P$5000,'주간판매-러닝(CO)'!$I$4:$I$5000,종합!$BG44) -> 0 | BI44: =COUNTIFS('주간판매-러닝(CO)'!$I$4:$I$5000,종합!$BG44,'주간판매-러닝(CO)'!$E$4:$E$5000,"가을(러닝)")+ COUNTIFS('주간판매-러닝(CO)'!$I$4:$I$5000,종합!$BG44,'주간판매-러닝(CO)'!$E$4:$E$5000,"겨울(러닝)") -> 0 | BJ44: =SUMIFS('주간판매-러닝(CO)'!$R$4:$R$5000,'주간판매-러닝(CO)'!$I$4:$I$5000,종합!$F44,'주간판매-러닝(CO)'!$E$4:$E$5000,"가을(러닝)")+ SUMIFS('주간판매-러닝(CO)'!$R$4:$R$5000,'주간판매-러닝(CO)'!$I$4:$I$5000,종합!$F44,'주간판매-러닝(CO)'!$E$4:$E$5000,"겨울(러닝)") -> 0 | BK44: =COUNTIFS('주간판매-러닝(CO)'!$P$4:$P$5000,"A",'주간판매-러닝(CO)'!$I$4:$I$5000,종합!$F44,'주간판매-러닝(CO)'!$V$4:$V$5000,">0",'주간판매-러닝(CO)'!$E$4:$E$5000,"가을(러닝)")+ COUNTIFS('주간판매-러닝(CO)'!$P$4:$P$5000,"A",'주간판매-러닝(CO)'!$I$4:$I$5000,종합!$F44,'주간판매-러닝(CO)'!$V$4:$V$5000,">0",'주간판매-러닝(CO)'!$E$4:$E$5000,"겨울(러닝)") -> 0 | BL44: =COUNTIFS('주간판매-러닝(CO)'!$I$4:$I$5000,종합!$F44,'주간판매-러닝(CO)'!$V$4:$V$5000,">0",'주간판매-러닝(CO)'!$E$4:$E$5000,"가을(러닝)")+ COUNTIFS('주간판매-러닝(CO)'!$I$4:$I$5000,종합!$F44,'주간판매-러닝(CO)'!$V$4:$V$5000,">0",'주간판매-러닝(CO)'!$E$4:$E$5000,"겨울(러닝)") -> 0 | BM44: =SUMIFS('주간판매-러닝(CO)'!$V$4:$V$5000,'주간판매-러닝(CO)'!$I$4:$I$5000,종합!$F44,'주간판매-러닝(CO)'!$E$4:$E$5000,"가을(러닝)")+ SUMIFS('주간판매-러닝(CO)'!$V$4:$V$5000,'주간판매-러닝(CO)'!$I$4:$I$5000,종합!$F44,'주간판매-러닝(CO)'!$E$4:$E$5000,"겨울(러닝)") -> 0 | BN44: =IFERROR(BM44/BJ44,"") | BO44: =SUMIFS('생판재-러닝(ST)'!$AI$4:$AI$5000,'생판재-러닝(ST)'!$H$4:$H$5000,종합!$F44,'생판재-러닝(ST)'!$D$4:$D$5000,"가을(러닝)")+ SUMIFS('생판재-러닝(ST)'!$AI$4:$AI$5000,'생판재-러닝(ST)'!$H$4:$H$5000,종합!$F44,'생판재-러닝(ST)'!$D$4:$D$5000,"겨울(러닝)") -> 0 | BP44: =SUMIFS('생판재-러닝(ST)'!$AR$4:$AR$5000,'생판재-러닝(ST)'!$H$4:$H$5000,종합!$F44,'생판재-러닝(ST)'!$D$4:$D$5000,"가을(러닝)")+ SUMIFS('생판재-러닝(ST)'!$AR$4:$AR$5000,'생판재-러닝(ST)'!$H$4:$H$5000,종합!$F44,'생판재-러닝(ST)'!$D$4:$D$5000,"겨울(러닝)") -> 0 | BQ44: =BP44/BP$66 -> 0 | BR44: =SUMIFS('생판재-러닝(ST)'!$AQ$4:$AQ$5000,'생판재-러닝(ST)'!$H$4:$H$5000,종합!$F44,'생판재-러닝(ST)'!$D$4:$D$5000,"가을(러닝)")+ SUMIFS('생판재-러닝(ST)'!$AQ$4:$AQ$5000,'생판재-러닝(ST)'!$H$4:$H$5000,종합!$F44,'생판재-러닝(ST)'!$D$4:$D$5000,"겨울(러닝)") -> 0 | BS44: =BR44/BR$66 -> 0 | BT44: =IFERROR(BR44/BP44/1.1,"") | BU44: =SUMIFS('생판재-러닝(ST)'!$BG$4:$BG$5000,'생판재-러닝(ST)'!$H$4:$H$5000,종합!$F44,'생판재-러닝(ST)'!$D$4:$D$5000,"가을(러닝)")+ SUMIFS('생판재-러닝(ST)'!$BG$4:$BG$5000,'생판재-러닝(ST)'!$H$4:$H$5000,종합!$F44,'생판재-러닝(ST)'!$D$4:$D$5000,"겨울(러닝)") -> 0 | BV44: =IFERROR(BU44/BM44,"") | BW44: =SUMIFS('생판재-러닝(ST)'!$BH$4:$BH$5000,'생판재-러닝(ST)'!$H$4:$H$5000,종합!$F44,'생판재-러닝(ST)'!$D$4:$D$5000,"가을(러닝)")+ SUMIFS('생판재-러닝(ST)'!$BH$4:$BH$5000,'생판재-러닝(ST)'!$H$4:$H$5000,종합!$F44,'생판재-러닝(ST)'!$D$4:$D$5000,"겨울(러닝)") -> 0 | BX44: =SUMIFS('생판재-러닝(ST)'!$BI$4:$BI$5000,'생판재-러닝(ST)'!$H$4:$H$5000,종합!$F44,'생판재-러닝(ST)'!$D$4:$D$5000,"가을(러닝)")+ SUMIFS('생판재-러닝(ST)'!$BI$4:$BI$5000,'생판재-러닝(ST)'!$H$4:$H$5000,종합!$F44,'생판재-러닝(ST)'!$D$4:$D$5000,"겨울(러닝)") -> 0 | BY44: =SUMIFS('생판재-러닝(ST)'!$BJ$4:$BJ$5000,'생판재-러닝(ST)'!$H$4:$H$5000,종합!$F44,'생판재-러닝(ST)'!$D$4:$D$5000,"가을(러닝)")+ SUMIFS('생판재-러닝(ST)'!$BJ$4:$BJ$5000,'생판재-러닝(ST)'!$H$4:$H$5000,종합!$F44,'생판재-러닝(ST)'!$D$4:$D$5000,"겨울(러닝)") -> 0 | BZ44: =IFERROR(1-(BX44/BW44),"") | CA44: =SUMIFS('생판재-러닝(ST)'!$BC$4:$BC$5000,'생판재-러닝(ST)'!$H$4:$H$5000,종합!$F44,'생판재-러닝(ST)'!$D$4:$D$5000,"가을(러닝)")+ SUMIFS('생판재-러닝(ST)'!$BC$4:$BC$5000,'생판재-러닝(ST)'!$H$4:$H$5000,종합!$F44,'생판재-러닝(ST)'!$D$4:$D$5000,"겨울(러닝)") -> 0 | CB44: =SUMIFS('생판재-러닝(ST)'!$BE$4:$BE$5000,'생판재-러닝(ST)'!$H$4:$H$5000,종합!$F44,'생판재-러닝(ST)'!$D$4:$D$5000,"가을(러닝)")+ SUMIFS('생판재-러닝(ST)'!$BE$4:$BE$5000,'생판재-러닝(ST)'!$H$4:$H$5000,종합!$F44,'생판재-러닝(ST)'!$D$4:$D$5000,"겨울(러닝)") -> 0 | CF44: OP | CG44: 원피스 | CH44: =COUNTIFS('시점재고(~26.07.31, 생판재)'!$H$4:$H$5000,종합!$CG44) -> 0 | CJ44: =SUMIFS('시점재고(~26.07.31, 생판재)'!$BM$4:$BM$5000,'시점재고(~26.07.31, 생판재)'!$H$4:$H$5000,종합!$CG44) -> 0 | CK44: =SUMIFS('생판재-러닝(ST)'!$BG$4:$BG$5000,'생판재-러닝(ST)'!$H$4:$H$5000,종합!$CG44,'생판재-러닝(ST)'!$D$4:$D$5000,"<>가을(러닝)",'생판재-러닝(ST)'!$D$4:$D$5000,"<>겨울(러닝)")-( SUMIFS('시점재고(~26.07.31, 생판재)'!$BG$4:$BG$5000,'시점재고(~26.07.31, 생판재)'!$H$4:$H$5000,종합!CG44)) -> 0 | CL44: =IFERROR(CK44/#REF!,"") | CM44: =SUMIFS('생판재-러닝(ST)'!$BH$4:$BH$5000,'생판재-러닝(ST)'!$H$4:$H$5000,종합!$F44,'생판재-러닝(ST)'!$D$4:$D$5000,"<>가을(러닝)",'생판재-러닝(ST)'!$D$4:$D$5000,"<>겨울(러닝)")-( SUMIFS('시점재고(~26.07.31, 생판재)'!$BH$4:$BH$5000,'시점재고(~26.07.31, 생판재)'!$H$4:$H$5000,종합!$F44)) -> 0 | CN44: =SUMIFS('생판재-러닝(ST)'!$BI$4:$BI$5000,'생판재-러닝(ST)'!$H$4:$H$5000,종합!$F44,'생판재-러닝(ST)'!$D$4:$D$5000,"<>가을(러닝)",'생판재-러닝(ST)'!$D$4:$D$5000,"<>겨울(러닝)")-( SUMIFS('시점재고(~26.07.31, 생판재)'!$BI$4:$BI$5000,'시점재고(~26.07.31, 생판재)'!$H$4:$H$5000,종합!$F44)) -> 0 | CO44: =SUMIFS('생판재-러닝(ST)'!$BJ$4:$BJ$5000,'생판재-러닝(ST)'!$H$4:$H$5000,종합!$F44,'생판재-러닝(ST)'!$D$4:$D$5000,"<>가을(러닝)",'생판재-러닝(ST)'!$D$4:$D$5000,"<>겨울(러닝)")-( SUMIFS('시점재고(~26.07.31, 생판재)'!$BJ$4:$BJ$5000,'시점재고(~26.07.31, 생판재)'!$H$4:$H$5000,종합!$F44)) -> 0 | CP44: =IFERROR(1-(CN44/CM44),"") | CQ44: =SUMIFS('생판재-러닝(ST)'!$BC$4:$BC$5000,'생판재-러닝(ST)'!$H$4:$H$5000,종합!$F44,'생판재-러닝(ST)'!$D$4:$D$5000,"<>가을(러닝)",'생판재-러닝(ST)'!$D$4:$D$5000,"<>겨울(러닝)") -> 0 | CR44: =SUMIFS('생판재-러닝(ST)'!$BE$4:$BE$5000,'생판재-러닝(ST)'!$H$4:$H$5000,종합!$F44,'생판재-러닝(ST)'!$D$4:$D$5000,"<>가을(러닝)",'생판재-러닝(ST)'!$D$4:$D$5000,"<>겨울(러닝)") -> 0
E45: SH | F45: 우븐셔츠(블라우스) | G45: =SUMIF('주간판매-26FW(CO)'!$I:$I,종합!$F45,'주간판매-26FW(CO)'!$P:$P) -> 13 | H45: =COUNTIF('주간판매-26FW(CO)'!$I:$I,종합!$F45) -> 31 | I45: =SUMIFS('주간판매-26FW(CO)'!$R$4:$R$5000,'주간판매-26FW(CO)'!$I$4:$I$5000,종합!$F45) -> 16202 | J45: =SUMIFS('주간판매-26FW(CO)'!$P$4:$P$5000,'주간판매-26FW(CO)'!$I$4:$I$5000,종합!$F45,'주간판매-26FW(CO)'!$V$4:$V$5000,">0") -> 7 | K45: =COUNTIFS('주간판매-26FW(CO)'!$I$4:$I$5000,종합!$F45,'주간판매-26FW(CO)'!$V$4:$V$5000,">0") -> 18 | L45: =SUMIFS('주간판매-26FW(CO)'!$V$4:$V$5000,'주간판매-26FW(CO)'!$I$4:$I$5000,종합!$F45) -> 12026 | M45: =IFERROR(L45/I45,"") -> 0.74225404 | N45: =SUMIFS('생판재-26FW(ST)'!$AI$4:$AI$5000,'생판재-26FW(ST)'!$H$4:$H$5000,종합!$F45) -> 258080000 | O45: =SUMIFS('생판재-26FW(ST)'!$AR$4:$AR$5000,'생판재-26FW(ST)'!$H$4:$H$5000,종합!$F45) -> 194826300 | P45: =O45/O$66 -> 0.088460473 | Q45: =SUMIFS('생판재-26FW(ST)'!$AQ$4:$AQ$5000,'생판재-26FW(ST)'!$H$4:$H$5000,종합!$F45) -> 765928000 | R45: =Q45/Q$66 -> 0.082858923 | S45: =IFERROR(Q45/O45/1.1,"") -> 3.5739435 | T45: =SUMIFS('생판재-26FW(ST)'!$BG$4:$BG$5000,'생판재-26FW(ST)'!$H$4:$H$5000,종합!$F45) -> 599 | U45: =IFERROR(T45/L45,"") -> 0.049808748 | V45: =SUMIFS('생판재-26FW(ST)'!$BH$4:$BH$5000,'생판재-26FW(ST)'!$H$4:$H$5000,종합!$F45) -> 36196000 | W45: =SUMIFS('생판재-26FW(ST)'!$BI$4:$BI$5000,'생판재-26FW(ST)'!$H$4:$H$5000,종합!$F45) -> 28796954 | X45: =SUMIFS('생판재-26FW(ST)'!$BJ$4:$BJ$5000,'생판재-26FW(ST)'!$H$4:$H$5000,종합!$F45) -> 9518200 | Y45: =IFERROR(1-(W45/V45),"") -> 0.20441612 | Z45: =SUMIFS('생판재-26FW(ST)'!$BC$4:$BC$5000,'생판재-26FW(ST)'!$H$4:$H$5000,종합!$F45) -> 354 | AA45: =SUMIFS('생판재-26FW(ST)'!$BE$4:$BE$5000,'생판재-26FW(ST)'!$H$4:$H$5000,종합!$F45) -> 16979824 | AE45: SH | AF45: 우븐셔츠(블라우스) | AG45: =AG88+AG129 -> 24 | AH45: =AH88+AH129 -> 0 | AI45: =AI88+AI129 -> 52741 | AJ45: =AJ88+AJ129 -> 8 | AK45: =AK88+AK129 -> 0 | AL45: =AL88+AL129 -> 19295 | AM45: =IFERROR(AL45/AI45,"") -> 0.36584441 | AN45: =AN88+AN129 -> 683841400 | AO45: =AO88+AO129 -> 195557400 | AP45: =AO45/AO$109 -> 0.090026958 | AQ45: =AQ88+AQ129 -> 1106706000 | AR45: =AQ45/AQ$109 -> 0.11815564 | AS45: =IFERROR(AQ45/AO45/1.1,"") -> 5.1447624 | AT45: =AT88+AT129 -> 1975 | AU45: =IFERROR(AT45/AL45,"") -> 0.10235812 | AV45: =AV88+AV129 -> 109200000 | AW45: =AW88+AW129 -> 61237063 | AX45: =AX88+AX129 -> 17737800 | AY45: =IFERROR(1-(AW45/AV45),"") -> 0.43922103 | AZ45: =AZ88+AZ129 -> 561 | BA45: =BA88+BA129 -> 18824825 | BF45: SH | BG45: 우븐셔츠(블라우스) | BH45: =SUMIFS('주간판매-러닝(CO)'!$P$4:$P$5000,'주간판매-러닝(CO)'!$I$4:$I$5000,종합!$BG45) -> 1 | BI45: =COUNTIFS('주간판매-러닝(CO)'!$I$4:$I$5000,종합!$BG45,'주간판매-러닝(CO)'!$E$4:$E$5000,"가을(러닝)")+ COUNTIFS('주간판매-러닝(CO)'!$I$4:$I$5000,종합!$BG45,'주간판매-러닝(CO)'!$E$4:$E$5000,"겨울(러닝)") -> 3 | BJ45: =SUMIFS('주간판매-러닝(CO)'!$R$4:$R$5000,'주간판매-러닝(CO)'!$I$4:$I$5000,종합!$F45,'주간판매-러닝(CO)'!$E$4:$E$5000,"가을(러닝)")+ SUMIFS('주간판매-러닝(CO)'!$R$4:$R$5000,'주간판매-러닝(CO)'!$I$4:$I$5000,종합!$F45,'주간판매-러닝(CO)'!$E$4:$E$5000,"겨울(러닝)") -> 8200 | BK45: =COUNTIFS('주간판매-러닝(CO)'!$P$4:$P$5000,"A",'주간판매-러닝(CO)'!$I$4:$I$5000,종합!$F45,'주간판매-러닝(CO)'!$V$4:$V$5000,">0",'주간판매-러닝(CO)'!$E$4:$E$5000,"가을(러닝)")+ COUNTIFS('주간판매-러닝(CO)'!$P$4:$P$5000,"A",'주간판매-러닝(CO)'!$I$4:$I$5000,종합!$F45,'주간판매-러닝(CO)'!$V$4:$V$5000,">0",'주간판매-러닝(CO)'!$E$4:$E$5000,"겨울(러닝)") -> 1 | BL45: =COUNTIFS('주간판매-러닝(CO)'!$I$4:$I$5000,종합!$F45,'주간판매-러닝(CO)'!$V$4:$V$5000,">0",'주간판매-러닝(CO)'!$E$4:$E$5000,"가을(러닝)")+ COUNTIFS('주간판매-러닝(CO)'!$I$4:$I$5000,종합!$F45,'주간판매-러닝(CO)'!$V$4:$V$5000,">0",'주간판매-러닝(CO)'!$E$4:$E$5000,"겨울(러닝)") -> 3 | BM45: =SUMIFS('주간판매-러닝(CO)'!$V$4:$V$5000,'주간판매-러닝(CO)'!$I$4:$I$5000,종합!$F45,'주간판매-러닝(CO)'!$E$4:$E$5000,"가을(러닝)")+ SUMIFS('주간판매-러닝(CO)'!$V$4:$V$5000,'주간판매-러닝(CO)'!$I$4:$I$5000,종합!$F45,'주간판매-러닝(CO)'!$E$4:$E$5000,"겨울(러닝)") -> 8649 | BN45: =IFERROR(BM45/BJ45,"") -> 1.0547561 | BO45: =SUMIFS('생판재-러닝(ST)'!$AI$4:$AI$5000,'생판재-러닝(ST)'!$H$4:$H$5000,종합!$F45,'생판재-러닝(ST)'!$D$4:$D$5000,"가을(러닝)")+ SUMIFS('생판재-러닝(ST)'!$AI$4:$AI$5000,'생판재-러닝(ST)'!$H$4:$H$5000,종합!$F45,'생판재-러닝(ST)'!$D$4:$D$5000,"겨울(러닝)") -> 102664000 | BP45: =SUMIFS('생판재-러닝(ST)'!$AR$4:$AR$5000,'생판재-러닝(ST)'!$H$4:$H$5000,종합!$F45,'생판재-러닝(ST)'!$D$4:$D$5000,"가을(러닝)")+ SUMIFS('생판재-러닝(ST)'!$AR$4:$AR$5000,'생판재-러닝(ST)'!$H$4:$H$5000,종합!$F45,'생판재-러닝(ST)'!$D$4:$D$5000,"겨울(러닝)") -> 108285480 | BQ45: =BP45/BP$66 -> 0.035347272 | BR45: =SUMIFS('생판재-러닝(ST)'!$AQ$4:$AQ$5000,'생판재-러닝(ST)'!$H$4:$H$5000,종합!$F45,'생판재-러닝(ST)'!$D$4:$D$5000,"가을(러닝)")+ SUMIFS('생판재-러닝(ST)'!$AQ$4:$AQ$5000,'생판재-러닝(ST)'!$H$4:$H$5000,종합!$F45,'생판재-러닝(ST)'!$D$4:$D$5000,"겨울(러닝)") -> 423801000 | BS45: =BR45/BR$66 -> 0.031174271 | BT45: =IFERROR(BR45/BP45/1.1,"") -> 3.5579437 | BU45: =SUMIFS('생판재-러닝(ST)'!$BG$4:$BG$5000,'생판재-러닝(ST)'!$H$4:$H$5000,종합!$F45,'생판재-러닝(ST)'!$D$4:$D$5000,"가을(러닝)")+ SUMIFS('생판재-러닝(ST)'!$BG$4:$BG$5000,'생판재-러닝(ST)'!$H$4:$H$5000,종합!$F45,'생판재-러닝(ST)'!$D$4:$D$5000,"겨울(러닝)") -> 104 | BV45: =IFERROR(BU45/BM45,"") -> 0.012024512 | BW45: =SUMIFS('생판재-러닝(ST)'!$BH$4:$BH$5000,'생판재-러닝(ST)'!$H$4:$H$5000,종합!$F45,'생판재-러닝(ST)'!$D$4:$D$5000,"가을(러닝)")+ SUMIFS('생판재-러닝(ST)'!$BH$4:$BH$5000,'생판재-러닝(ST)'!$H$4:$H$5000,종합!$F45,'생판재-러닝(ST)'!$D$4:$D$5000,"겨울(러닝)") -> 5096000 | BX45: =SUMIFS('생판재-러닝(ST)'!$BI$4:$BI$5000,'생판재-러닝(ST)'!$H$4:$H$5000,종합!$F45,'생판재-러닝(ST)'!$D$4:$D$5000,"가을(러닝)")+ SUMIFS('생판재-러닝(ST)'!$BI$4:$BI$5000,'생판재-러닝(ST)'!$H$4:$H$5000,종합!$F45,'생판재-러닝(ST)'!$D$4:$D$5000,"겨울(러닝)") -> 3764800 | BY45: =SUMIFS('생판재-러닝(ST)'!$BJ$4:$BJ$5000,'생판재-러닝(ST)'!$H$4:$H$5000,종합!$F45,'생판재-러닝(ST)'!$D$4:$D$5000,"가을(러닝)")+ SUMIFS('생판재-러닝(ST)'!$BJ$4:$BJ$5000,'생판재-러닝(ST)'!$H$4:$H$5000,종합!$F45,'생판재-러닝(ST)'!$D$4:$D$5000,"겨울(러닝)") -> 1302080 | BZ45: =IFERROR(1-(BX45/BW45),"") -> 0.26122449 | CA45: =SUMIFS('생판재-러닝(ST)'!$BC$4:$BC$5000,'생판재-러닝(ST)'!$H$4:$H$5000,종합!$F45,'생판재-러닝(ST)'!$D$4:$D$5000,"가을(러닝)")+ SUMIFS('생판재-러닝(ST)'!$BC$4:$BC$5000,'생판재-러닝(ST)'!$H$4:$H$5000,종합!$F45,'생판재-러닝(ST)'!$D$4:$D$5000,"겨울(러닝)") -> 58 | CB45: =SUMIFS('생판재-러닝(ST)'!$BE$4:$BE$5000,'생판재-러닝(ST)'!$H$4:$H$5000,종합!$F45,'생판재-러닝(ST)'!$D$4:$D$5000,"가을(러닝)")+ SUMIFS('생판재-러닝(ST)'!$BE$4:$BE$5000,'생판재-러닝(ST)'!$H$4:$H$5000,종합!$F45,'생판재-러닝(ST)'!$D$4:$D$5000,"겨울(러닝)") -> 2175000 | CF45: SH | CG45: 우븐셔츠(블라우스) | CH45: =COUNTIFS('시점재고(~26.07.31, 생판재)'!$H$4:$H$5000,종합!$CG45) -> 1 | CJ45: =SUMIFS('시점재고(~26.07.31, 생판재)'!$BM$4:$BM$5000,'시점재고(~26.07.31, 생판재)'!$H$4:$H$5000,종합!$CG45) -> 7970 | CK45: =SUMIFS('생판재-러닝(ST)'!$BG$4:$BG$5000,'생판재-러닝(ST)'!$H$4:$H$5000,종합!$CG45,'생판재-러닝(ST)'!$D$4:$D$5000,"<>가을(러닝)",'생판재-러닝(ST)'!$D$4:$D$5000,"<>겨울(러닝)")-( SUMIFS('시점재고(~26.07.31, 생판재)'!$BG$4:$BG$5000,'시점재고(~26.07.31, 생판재)'!$H$4:$H$5000,종합!CG45)) -> 897 | CL45: =IFERROR(CK45/#REF!,"") | CM45: =SUMIFS('생판재-러닝(ST)'!$BH$4:$BH$5000,'생판재-러닝(ST)'!$H$4:$H$5000,종합!$F45,'생판재-러닝(ST)'!$D$4:$D$5000,"<>가을(러닝)",'생판재-러닝(ST)'!$D$4:$D$5000,"<>겨울(러닝)")-( SUMIFS('시점재고(~26.07.31, 생판재)'!$BH$4:$BH$5000,'시점재고(~26.07.31, 생판재)'!$H$4:$H$5000,종합!$F45)) -> 43953000 | CN45: =SUMIFS('생판재-러닝(ST)'!$BI$4:$BI$5000,'생판재-러닝(ST)'!$H$4:$H$5000,종합!$F45,'생판재-러닝(ST)'!$D$4:$D$5000,"<>가을(러닝)",'생판재-러닝(ST)'!$D$4:$D$5000,"<>겨울(러닝)")-( SUMIFS('시점재고(~26.07.31, 생판재)'!$BI$4:$BI$5000,'시점재고(~26.07.31, 생판재)'!$H$4:$H$5000,종합!$F45)) -> 27902765 | CO45: =SUMIFS('생판재-러닝(ST)'!$BJ$4:$BJ$5000,'생판재-러닝(ST)'!$H$4:$H$5000,종합!$F45,'생판재-러닝(ST)'!$D$4:$D$5000,"<>가을(러닝)",'생판재-러닝(ST)'!$D$4:$D$5000,"<>겨울(러닝)")-( SUMIFS('시점재고(~26.07.31, 생판재)'!$BJ$4:$BJ$5000,'시점재고(~26.07.31, 생판재)'!$H$4:$H$5000,종합!$F45)) -> 9867000 | CP45: =IFERROR(1-(CN45/CM45),"") -> 0.36516813 | CQ45: =SUMIFS('생판재-러닝(ST)'!$BC$4:$BC$5000,'생판재-러닝(ST)'!$H$4:$H$5000,종합!$F45,'생판재-러닝(ST)'!$D$4:$D$5000,"<>가을(러닝)",'생판재-러닝(ST)'!$D$4:$D$5000,"<>겨울(러닝)") -> 250 | CR45: =SUMIFS('생판재-러닝(ST)'!$BE$4:$BE$5000,'생판재-러닝(ST)'!$H$4:$H$5000,종합!$F45,'생판재-러닝(ST)'!$D$4:$D$5000,"<>가을(러닝)",'생판재-러닝(ST)'!$D$4:$D$5000,"<>겨울(러닝)") -> 7940477
D46: TOP | E46: SS | F46: 스웻셔츠 | G46: =SUMIF('주간판매-26FW(CO)'!$I:$I,종합!$F46,'주간판매-26FW(CO)'!$P:$P) -> 6 | H46: =COUNTIF('주간판매-26FW(CO)'!$I:$I,종합!$F46) -> 16 | I46: =SUMIFS('주간판매-26FW(CO)'!$R$4:$R$5000,'주간판매-26FW(CO)'!$I$4:$I$5000,종합!$F46) -> 11800 | J46: =SUMIFS('주간판매-26FW(CO)'!$P$4:$P$5000,'주간판매-26FW(CO)'!$I$4:$I$5000,종합!$F46,'주간판매-26FW(CO)'!$V$4:$V$5000,">0") -> 2 | K46: =COUNTIFS('주간판매-26FW(CO)'!$I$4:$I$5000,종합!$F46,'주간판매-26FW(CO)'!$V$4:$V$5000,">0") -> 4 | L46: =SUMIFS('주간판매-26FW(CO)'!$V$4:$V$5000,'주간판매-26FW(CO)'!$I$4:$I$5000,종합!$F46) -> 1690 | M46: =IFERROR(L46/I46,"") -> 0.14322034 | N46: =SUMIFS('생판재-26FW(ST)'!$AI$4:$AI$5000,'생판재-26FW(ST)'!$H$4:$H$5000,종합!$F46) -> 194890400 | O46: =SUMIFS('생판재-26FW(ST)'!$AR$4:$AR$5000,'생판재-26FW(ST)'!$H$4:$H$5000,종합!$F46) -> 35334300 | P46: =O46/O$66 -> 0.016043465 | Q46: =SUMIFS('생판재-26FW(ST)'!$AQ$4:$AQ$5000,'생판재-26FW(ST)'!$H$4:$H$5000,종합!$F46) -> 122376000 | R46: =Q46/Q$66 -> 0.013238769 | S46: =IFERROR(Q46/O46/1.1,"") -> 3.1485245 | T46: =SUMIFS('생판재-26FW(ST)'!$BG$4:$BG$5000,'생판재-26FW(ST)'!$H$4:$H$5000,종합!$F46) -> 8 | U46: =IFERROR(T46/L46,"") -> 0.0047337278 | V46: =SUMIFS('생판재-26FW(ST)'!$BH$4:$BH$5000,'생판재-26FW(ST)'!$H$4:$H$5000,종합!$F46) -> 552000 | W46: =SUMIFS('생판재-26FW(ST)'!$BI$4:$BI$5000,'생판재-26FW(ST)'!$H$4:$H$5000,종합!$F46) -> 434200 | X46: =SUMIFS('생판재-26FW(ST)'!$BJ$4:$BJ$5000,'생판재-26FW(ST)'!$H$4:$H$5000,종합!$F46) -> 156800 | Y46: =IFERROR(1-(W46/V46),"") -> 0.2134058 | Z46: =SUMIFS('생판재-26FW(ST)'!$BC$4:$BC$5000,'생판재-26FW(ST)'!$H$4:$H$5000,종합!$F46) -> 3 | AA46: =SUMIFS('생판재-26FW(ST)'!$BE$4:$BE$5000,'생판재-26FW(ST)'!$H$4:$H$5000,종합!$F46) -> 159600 | AD46: TOP | AE46: SS | AF46: 스웻셔츠 | AG46: =AG89+AG130 -> 8 | AH46: =AH89+AH130 -> 0 | AI46: =AI89+AI130 -> 10635 | AJ46: =AJ89+AJ130 -> 1 | AK46: =AK89+AK130 -> 0 | AL46: =AL89+AL130 -> 1894 | AM46: =IFERROR(AL46/AI46,"") -> 0.17809121 | AN46: =AN89+AN130 -> 190298000 | AO46: =AO89+AO130 -> 31440400 | AP46: =AO46/AO$109 -> 0.014473927 | AQ46: =AQ89+AQ130 -> 117428000 | AR46: =AQ46/AQ$109 -> 0.012537007 | AS46: =IFERROR(AQ46/AO46/1.1,"") -> 3.3953998 | AT46: =AT89+AT130 -> 0 | AU46: =IFERROR(AT46/AL46,"") -> 0 | AV46: =AV89+AV130 -> 0 | AW46: =AW89+AW130 -> 0 | AX46: =AX89+AX130 -> 0 | AY46: =IFERROR(1-(AW46/AV46),"") | AZ46: =AZ89+AZ130 -> 0 | BA46: =BA89+BA130 -> 0 | BE46: TOP | BF46: SS | BG46: 스웻셔츠 | BH46: =SUMIFS('주간판매-러닝(CO)'!$P$4:$P$5000,'주간판매-러닝(CO)'!$I$4:$I$5000,종합!$BG46) -> 0 | BI46: =COUNTIFS('주간판매-러닝(CO)'!$I$4:$I$5000,종합!$BG46,'주간판매-러닝(CO)'!$E$4:$E$5000,"가을(러닝)")+ COUNTIFS('주간판매-러닝(CO)'!$I$4:$I$5000,종합!$BG46,'주간판매-러닝(CO)'!$E$4:$E$5000,"겨울(러닝)") -> 0 | BJ46: =SUMIFS('주간판매-러닝(CO)'!$R$4:$R$5000,'주간판매-러닝(CO)'!$I$4:$I$5000,종합!$F46,'주간판매-러닝(CO)'!$E$4:$E$5000,"가을(러닝)")+ SUMIFS('주간판매-러닝(CO)'!$R$4:$R$5000,'주간판매-러닝(CO)'!$I$4:$I$5000,종합!$F46,'주간판매-러닝(CO)'!$E$4:$E$5000,"겨울(러닝)") -> 0 | BK46: =COUNTIFS('주간판매-러닝(CO)'!$P$4:$P$5000,"A",'주간판매-러닝(CO)'!$I$4:$I$5000,종합!$F46,'주간판매-러닝(CO)'!$V$4:$V$5000,">0",'주간판매-러닝(CO)'!$E$4:$E$5000,"가을(러닝)")+ COUNTIFS('주간판매-러닝(CO)'!$P$4:$P$5000,"A",'주간판매-러닝(CO)'!$I$4:$I$5000,종합!$F46,'주간판매-러닝(CO)'!$V$4:$V$5000,">0",'주간판매-러닝(CO)'!$E$4:$E$5000,"겨울(러닝)") -> 0 | BL46: =COUNTIFS('주간판매-러닝(CO)'!$I$4:$I$5000,종합!$F46,'주간판매-러닝(CO)'!$V$4:$V$5000,">0",'주간판매-러닝(CO)'!$E$4:$E$5000,"가을(러닝)")+ COUNTIFS('주간판매-러닝(CO)'!$I$4:$I$5000,종합!$F46,'주간판매-러닝(CO)'!$V$4:$V$5000,">0",'주간판매-러닝(CO)'!$E$4:$E$5000,"겨울(러닝)") -> 0 | BM46: =SUMIFS('주간판매-러닝(CO)'!$V$4:$V$5000,'주간판매-러닝(CO)'!$I$4:$I$5000,종합!$F46,'주간판매-러닝(CO)'!$E$4:$E$5000,"가을(러닝)")+ SUMIFS('주간판매-러닝(CO)'!$V$4:$V$5000,'주간판매-러닝(CO)'!$I$4:$I$5000,종합!$F46,'주간판매-러닝(CO)'!$E$4:$E$5000,"겨울(러닝)") -> 0 | BN46: =IFERROR(BM46/BJ46,"") | BO46: =SUMIFS('생판재-러닝(ST)'!$AI$4:$AI$5000,'생판재-러닝(ST)'!$H$4:$H$5000,종합!$F46,'생판재-러닝(ST)'!$D$4:$D$5000,"가을(러닝)")+ SUMIFS('생판재-러닝(ST)'!$AI$4:$AI$5000,'생판재-러닝(ST)'!$H$4:$H$5000,종합!$F46,'생판재-러닝(ST)'!$D$4:$D$5000,"겨울(러닝)") -> 0 | BP46: =SUMIFS('생판재-러닝(ST)'!$AR$4:$AR$5000,'생판재-러닝(ST)'!$H$4:$H$5000,종합!$F46,'생판재-러닝(ST)'!$D$4:$D$5000,"가을(러닝)")+ SUMIFS('생판재-러닝(ST)'!$AR$4:$AR$5000,'생판재-러닝(ST)'!$H$4:$H$5000,종합!$F46,'생판재-러닝(ST)'!$D$4:$D$5000,"겨울(러닝)") -> 0 | BQ46: =BP46/BP$66 -> 0 | BR46: =SUMIFS('생판재-러닝(ST)'!$AQ$4:$AQ$5000,'생판재-러닝(ST)'!$H$4:$H$5000,종합!$F46,'생판재-러닝(ST)'!$D$4:$D$5000,"가을(러닝)")+ SUMIFS('생판재-러닝(ST)'!$AQ$4:$AQ$5000,'생판재-러닝(ST)'!$H$4:$H$5000,종합!$F46,'생판재-러닝(ST)'!$D$4:$D$5000,"겨울(러닝)") -> 0 | BS46: =BR46/BR$66 -> 0 | BT46: =IFERROR(BR46/BP46/1.1,"") | BU46: =SUMIFS('생판재-러닝(ST)'!$BG$4:$BG$5000,'생판재-러닝(ST)'!$H$4:$H$5000,종합!$F46,'생판재-러닝(ST)'!$D$4:$D$5000,"가을(러닝)")+ SUMIFS('생판재-러닝(ST)'!$BG$4:$BG$5000,'생판재-러닝(ST)'!$H$4:$H$5000,종합!$F46,'생판재-러닝(ST)'!$D$4:$D$5000,"겨울(러닝)") -> 0 | BV46: =IFERROR(BU46/BM46,"") | BW46: =SUMIFS('생판재-러닝(ST)'!$BH$4:$BH$5000,'생판재-러닝(ST)'!$H$4:$H$5000,종합!$F46,'생판재-러닝(ST)'!$D$4:$D$5000,"가을(러닝)")+ SUMIFS('생판재-러닝(ST)'!$BH$4:$BH$5000,'생판재-러닝(ST)'!$H$4:$H$5000,종합!$F46,'생판재-러닝(ST)'!$D$4:$D$5000,"겨울(러닝)") -> 0 | BX46: =SUMIFS('생판재-러닝(ST)'!$BI$4:$BI$5000,'생판재-러닝(ST)'!$H$4:$H$5000,종합!$F46,'생판재-러닝(ST)'!$D$4:$D$5000,"가을(러닝)")+ SUMIFS('생판재-러닝(ST)'!$BI$4:$BI$5000,'생판재-러닝(ST)'!$H$4:$H$5000,종합!$F46,'생판재-러닝(ST)'!$D$4:$D$5000,"겨울(러닝)") -> 0 | BY46: =SUMIFS('생판재-러닝(ST)'!$BJ$4:$BJ$5000,'생판재-러닝(ST)'!$H$4:$H$5000,종합!$F46,'생판재-러닝(ST)'!$D$4:$D$5000,"가을(러닝)")+ SUMIFS('생판재-러닝(ST)'!$BJ$4:$BJ$5000,'생판재-러닝(ST)'!$H$4:$H$5000,종합!$F46,'생판재-러닝(ST)'!$D$4:$D$5000,"겨울(러닝)") -> 0 | BZ46: =IFERROR(1-(BX46/BW46),"") | CA46: =SUMIFS('생판재-러닝(ST)'!$BC$4:$BC$5000,'생판재-러닝(ST)'!$H$4:$H$5000,종합!$F46,'생판재-러닝(ST)'!$D$4:$D$5000,"가을(러닝)")+ SUMIFS('생판재-러닝(ST)'!$BC$4:$BC$5000,'생판재-러닝(ST)'!$H$4:$H$5000,종합!$F46,'생판재-러닝(ST)'!$D$4:$D$5000,"겨울(러닝)") -> 0 | CB46: =SUMIFS('생판재-러닝(ST)'!$BE$4:$BE$5000,'생판재-러닝(ST)'!$H$4:$H$5000,종합!$F46,'생판재-러닝(ST)'!$D$4:$D$5000,"가을(러닝)")+ SUMIFS('생판재-러닝(ST)'!$BE$4:$BE$5000,'생판재-러닝(ST)'!$H$4:$H$5000,종합!$F46,'생판재-러닝(ST)'!$D$4:$D$5000,"겨울(러닝)") -> 0 | CE46: TOP | CF46: SS | CG46: 스웻셔츠 | CH46: =COUNTIFS('시점재고(~26.07.31, 생판재)'!$H$4:$H$5000,종합!$CG46) -> 0 | CJ46: =SUMIFS('시점재고(~26.07.31, 생판재)'!$BM$4:$BM$5000,'시점재고(~26.07.31, 생판재)'!$H$4:$H$5000,종합!$CG46) -> 0 | CK46: =SUMIFS('생판재-러닝(ST)'!$BG$4:$BG$5000,'생판재-러닝(ST)'!$H$4:$H$5000,종합!$CG46,'생판재-러닝(ST)'!$D$4:$D$5000,"<>가을(러닝)",'생판재-러닝(ST)'!$D$4:$D$5000,"<>겨울(러닝)")-( SUMIFS('시점재고(~26.07.31, 생판재)'!$BG$4:$BG$5000,'시점재고(~26.07.31, 생판재)'!$H$4:$H$5000,종합!CG46)) -> 0 | CL46: =IFERROR(CK46/#REF!,"") | CM46: =SUMIFS('생판재-러닝(ST)'!$BH$4:$BH$5000,'생판재-러닝(ST)'!$H$4:$H$5000,종합!$F46,'생판재-러닝(ST)'!$D$4:$D$5000,"<>가을(러닝)",'생판재-러닝(ST)'!$D$4:$D$5000,"<>겨울(러닝)")-( SUMIFS('시점재고(~26.07.31, 생판재)'!$BH$4:$BH$5000,'시점재고(~26.07.31, 생판재)'!$H$4:$H$5000,종합!$F46)) -> 0 | CN46: =SUMIFS('생판재-러닝(ST)'!$BI$4:$BI$5000,'생판재-러닝(ST)'!$H$4:$H$5000,종합!$F46,'생판재-러닝(ST)'!$D$4:$D$5000,"<>가을(러닝)",'생판재-러닝(ST)'!$D$4:$D$5000,"<>겨울(러닝)")-( SUMIFS('시점재고(~26.07.31, 생판재)'!$BI$4:$BI$5000,'시점재고(~26.07.31, 생판재)'!$H$4:$H$5000,종합!$F46)) -> 0 | CO46: =SUMIFS('생판재-러닝(ST)'!$BJ$4:$BJ$5000,'생판재-러닝(ST)'!$H$4:$H$5000,종합!$F46,'생판재-러닝(ST)'!$D$4:$D$5000,"<>가을(러닝)",'생판재-러닝(ST)'!$D$4:$D$5000,"<>겨울(러닝)")-( SUMIFS('시점재고(~26.07.31, 생판재)'!$BJ$4:$BJ$5000,'시점재고(~26.07.31, 생판재)'!$H$4:$H$5000,종합!$F46)) -> 0 | CP46: =IFERROR(1-(CN46/CM46),"") | CQ46: =SUMIFS('생판재-러닝(ST)'!$BC$4:$BC$5000,'생판재-러닝(ST)'!$H$4:$H$5000,종합!$F46,'생판재-러닝(ST)'!$D$4:$D$5000,"<>가을(러닝)",'생판재-러닝(ST)'!$D$4:$D$5000,"<>겨울(러닝)") -> 0 | CR46: =SUMIFS('생판재-러닝(ST)'!$BE$4:$BE$5000,'생판재-러닝(ST)'!$H$4:$H$5000,종합!$F46,'생판재-러닝(ST)'!$D$4:$D$5000,"<>가을(러닝)",'생판재-러닝(ST)'!$D$4:$D$5000,"<>겨울(러닝)") -> 0
D47: TOP | E47: TS | F47: 티셔츠 | G47: =SUMIF('주간판매-26FW(CO)'!$I:$I,종합!$F47,'주간판매-26FW(CO)'!$P:$P) -> 17 | H47: =COUNTIF('주간판매-26FW(CO)'!$I:$I,종합!$F47) -> 54 | I47: =SUMIFS('주간판매-26FW(CO)'!$R$4:$R$5000,'주간판매-26FW(CO)'!$I$4:$I$5000,종합!$F47) -> 46602 | J47: =SUMIFS('주간판매-26FW(CO)'!$P$4:$P$5000,'주간판매-26FW(CO)'!$I$4:$I$5000,종합!$F47,'주간판매-26FW(CO)'!$V$4:$V$5000,">0") -> 10 | K47: =COUNTIFS('주간판매-26FW(CO)'!$I$4:$I$5000,종합!$F47,'주간판매-26FW(CO)'!$V$4:$V$5000,">0") -> 33 | L47: =SUMIFS('주간판매-26FW(CO)'!$V$4:$V$5000,'주간판매-26FW(CO)'!$I$4:$I$5000,종합!$F47) -> 35513 | M47: =IFERROR(L47/I47,"") -> 0.76204884 | N47: =SUMIFS('생판재-26FW(ST)'!$AI$4:$AI$5000,'생판재-26FW(ST)'!$H$4:$H$5000,종합!$F47) -> 446762000 | O47: =SUMIFS('생판재-26FW(ST)'!$AR$4:$AR$5000,'생판재-26FW(ST)'!$H$4:$H$5000,종합!$F47) -> 325677920 | P47: =O47/O$66 -> 0.14787338 | Q47: =SUMIFS('생판재-26FW(ST)'!$AQ$4:$AQ$5000,'생판재-26FW(ST)'!$H$4:$H$5000,종합!$F47) -> 1784356000 | R47: =Q47/Q$66 -> 0.19303357 | S47: =IFERROR(Q47/O47/1.1,"") -> 4.9808161 | T47: =SUMIFS('생판재-26FW(ST)'!$BG$4:$BG$5000,'생판재-26FW(ST)'!$H$4:$H$5000,종합!$F47) -> 1699 | U47: =IFERROR(T47/L47,"") -> 0.047841635 | V47: =SUMIFS('생판재-26FW(ST)'!$BH$4:$BH$5000,'생판재-26FW(ST)'!$H$4:$H$5000,종합!$F47) -> 91631000 | W47: =SUMIFS('생판재-26FW(ST)'!$BI$4:$BI$5000,'생판재-26FW(ST)'!$H$4:$H$5000,종합!$F47) -> 64252143 | X47: =SUMIFS('생판재-26FW(ST)'!$BJ$4:$BJ$5000,'생판재-26FW(ST)'!$H$4:$H$5000,종합!$F47) -> 16661100 | Y47: =IFERROR(1-(W47/V47),"") -> 0.2987947 | Z47: =SUMIFS('생판재-26FW(ST)'!$BC$4:$BC$5000,'생판재-26FW(ST)'!$H$4:$H$5000,종합!$F47) -> 1038 | AA47: =SUMIFS('생판재-26FW(ST)'!$BE$4:$BE$5000,'생판재-26FW(ST)'!$H$4:$H$5000,종합!$F47) -> 39757823 | AD47: TOP | AE47: TS | AF47: 티셔츠 | AG47: =AG90+AG131 -> 22 | AH47: =AH90+AH131 -> 0 | AI47: =AI90+AI131 -> 84446 | AJ47: =AJ90+AJ131 -> 12 | AK47: =AK90+AK131 -> 0 | AL47: =AL90+AL131 -> 23252 | AM47: =IFERROR(AL47/AI47,"") -> 0.27534756 | AN47: =AN90+AN131 -> 737418000 | AO47: =AO90+AO131 -> 239554700 | AP47: =AO47/AO$109 -> 0.11028159 | AQ47: =AQ90+AQ131 -> 1038089000 | AR47: =AQ47/AQ$109 -> 0.11082986 | AS47: =IFERROR(AQ47/AO47/1.1,"") -> 3.9394647 | AT47: =AT90+AT131 -> 5790 | AU47: =IFERROR(AT47/AL47,"") -> 0.24901084 | AV47: =AV90+AV131 -> 225477000 | AW47: =AW90+AW131 -> 141522548 | AX47: =AX90+AX131 -> 49782600 | AY47: =IFERROR(1-(AW47/AV47),"") -> 0.37234153 | AZ47: =AZ90+AZ131 -> 2397 | BA47: =BA90+BA131 -> 55851578 | BE47: TOP | BF47: TS | BG47: 티셔츠 | BH47: =SUMIFS('주간판매-러닝(CO)'!$P$4:$P$5000,'주간판매-러닝(CO)'!$I$4:$I$5000,종합!$BG47) -> 3 | BI47: =COUNTIFS('주간판매-러닝(CO)'!$I$4:$I$5000,종합!$BG47,'주간판매-러닝(CO)'!$E$4:$E$5000,"가을(러닝)")+ COUNTIFS('주간판매-러닝(CO)'!$I$4:$I$5000,종합!$BG47,'주간판매-러닝(CO)'!$E$4:$E$5000,"겨울(러닝)") -> 12 | BJ47: =SUMIFS('주간판매-러닝(CO)'!$R$4:$R$5000,'주간판매-러닝(CO)'!$I$4:$I$5000,종합!$F47,'주간판매-러닝(CO)'!$E$4:$E$5000,"가을(러닝)")+ SUMIFS('주간판매-러닝(CO)'!$R$4:$R$5000,'주간판매-러닝(CO)'!$I$4:$I$5000,종합!$F47,'주간판매-러닝(CO)'!$E$4:$E$5000,"겨울(러닝)") -> 16700 | BK47: =COUNTIFS('주간판매-러닝(CO)'!$P$4:$P$5000,"A",'주간판매-러닝(CO)'!$I$4:$I$5000,종합!$F47,'주간판매-러닝(CO)'!$V$4:$V$5000,">0",'주간판매-러닝(CO)'!$E$4:$E$5000,"가을(러닝)")+ COUNTIFS('주간판매-러닝(CO)'!$P$4:$P$5000,"A",'주간판매-러닝(CO)'!$I$4:$I$5000,종합!$F47,'주간판매-러닝(CO)'!$V$4:$V$5000,">0",'주간판매-러닝(CO)'!$E$4:$E$5000,"겨울(러닝)") -> 3 | BL47: =COUNTIFS('주간판매-러닝(CO)'!$I$4:$I$5000,종합!$F47,'주간판매-러닝(CO)'!$V$4:$V$5000,">0",'주간판매-러닝(CO)'!$E$4:$E$5000,"가을(러닝)")+ COUNTIFS('주간판매-러닝(CO)'!$I$4:$I$5000,종합!$F47,'주간판매-러닝(CO)'!$V$4:$V$5000,">0",'주간판매-러닝(CO)'!$E$4:$E$5000,"겨울(러닝)") -> 12 | BM47: =SUMIFS('주간판매-러닝(CO)'!$V$4:$V$5000,'주간판매-러닝(CO)'!$I$4:$I$5000,종합!$F47,'주간판매-러닝(CO)'!$E$4:$E$5000,"가을(러닝)")+ SUMIFS('주간판매-러닝(CO)'!$V$4:$V$5000,'주간판매-러닝(CO)'!$I$4:$I$5000,종합!$F47,'주간판매-러닝(CO)'!$E$4:$E$5000,"겨울(러닝)") -> 17233 | BN47: =IFERROR(BM47/BJ47,"") -> 1.0319162 | BO47: =SUMIFS('생판재-러닝(ST)'!$AI$4:$AI$5000,'생판재-러닝(ST)'!$H$4:$H$5000,종합!$F47,'생판재-러닝(ST)'!$D$4:$D$5000,"가을(러닝)")+ SUMIFS('생판재-러닝(ST)'!$AI$4:$AI$5000,'생판재-러닝(ST)'!$H$4:$H$5000,종합!$F47,'생판재-러닝(ST)'!$D$4:$D$5000,"겨울(러닝)") -> 148400000 | BP47: =SUMIFS('생판재-러닝(ST)'!$AR$4:$AR$5000,'생판재-러닝(ST)'!$H$4:$H$5000,종합!$F47,'생판재-러닝(ST)'!$D$4:$D$5000,"가을(러닝)")+ SUMIFS('생판재-러닝(ST)'!$AR$4:$AR$5000,'생판재-러닝(ST)'!$H$4:$H$5000,종합!$F47,'생판재-러닝(ST)'!$D$4:$D$5000,"겨울(러닝)") -> 152642300 | BQ47: =BP47/BP$66 -> 0.049826523 | BR47: =SUMIFS('생판재-러닝(ST)'!$AQ$4:$AQ$5000,'생판재-러닝(ST)'!$H$4:$H$5000,종합!$F47,'생판재-러닝(ST)'!$D$4:$D$5000,"가을(러닝)")+ SUMIFS('생판재-러닝(ST)'!$AQ$4:$AQ$5000,'생판재-러닝(ST)'!$H$4:$H$5000,종합!$F47,'생판재-러닝(ST)'!$D$4:$D$5000,"겨울(러닝)") -> 701711000 | BS47: =BR47/BR$66 -> 0.051616983 | BT47: =IFERROR(BR47/BP47/1.1,"") -> 4.1791764 | BU47: =SUMIFS('생판재-러닝(ST)'!$BG$4:$BG$5000,'생판재-러닝(ST)'!$H$4:$H$5000,종합!$F47,'생판재-러닝(ST)'!$D$4:$D$5000,"가을(러닝)")+ SUMIFS('생판재-러닝(ST)'!$BG$4:$BG$5000,'생판재-러닝(ST)'!$H$4:$H$5000,종합!$F47,'생판재-러닝(ST)'!$D$4:$D$5000,"겨울(러닝)") -> 1313 | BV47: =IFERROR(BU47/BM47,"") -> 0.076191029 | BW47: =SUMIFS('생판재-러닝(ST)'!$BH$4:$BH$5000,'생판재-러닝(ST)'!$H$4:$H$5000,종합!$F47,'생판재-러닝(ST)'!$D$4:$D$5000,"가을(러닝)")+ SUMIFS('생판재-러닝(ST)'!$BH$4:$BH$5000,'생판재-러닝(ST)'!$H$4:$H$5000,종합!$F47,'생판재-러닝(ST)'!$D$4:$D$5000,"겨울(러닝)") -> 55509000 | BX47: =SUMIFS('생판재-러닝(ST)'!$BI$4:$BI$5000,'생판재-러닝(ST)'!$H$4:$H$5000,종합!$F47,'생판재-러닝(ST)'!$D$4:$D$5000,"가을(러닝)")+ SUMIFS('생판재-러닝(ST)'!$BI$4:$BI$5000,'생판재-러닝(ST)'!$H$4:$H$5000,종합!$F47,'생판재-러닝(ST)'!$D$4:$D$5000,"겨울(러닝)") -> 37855758 | BY47: =SUMIFS('생판재-러닝(ST)'!$BJ$4:$BJ$5000,'생판재-러닝(ST)'!$H$4:$H$5000,종합!$F47,'생판재-러닝(ST)'!$D$4:$D$5000,"가을(러닝)")+ SUMIFS('생판재-러닝(ST)'!$BJ$4:$BJ$5000,'생판재-러닝(ST)'!$H$4:$H$5000,종합!$F47,'생판재-러닝(ST)'!$D$4:$D$5000,"겨울(러닝)") -> 11562900 | BZ47: =IFERROR(1-(BX47/BW47),"") -> 0.31802486 | CA47: =SUMIFS('생판재-러닝(ST)'!$BC$4:$BC$5000,'생판재-러닝(ST)'!$H$4:$H$5000,종합!$F47,'생판재-러닝(ST)'!$D$4:$D$5000,"가을(러닝)")+ SUMIFS('생판재-러닝(ST)'!$BC$4:$BC$5000,'생판재-러닝(ST)'!$H$4:$H$5000,종합!$F47,'생판재-러닝(ST)'!$D$4:$D$5000,"겨울(러닝)") -> 565 | CB47: =SUMIFS('생판재-러닝(ST)'!$BE$4:$BE$5000,'생판재-러닝(ST)'!$H$4:$H$5000,종합!$F47,'생판재-러닝(ST)'!$D$4:$D$5000,"가을(러닝)")+ SUMIFS('생판재-러닝(ST)'!$BE$4:$BE$5000,'생판재-러닝(ST)'!$H$4:$H$5000,종합!$F47,'생판재-러닝(ST)'!$D$4:$D$5000,"겨울(러닝)") -> 16180439 | CE47: TOP | CF47: TS | CG47: 티셔츠 | CH47: =COUNTIFS('시점재고(~26.07.31, 생판재)'!$H$4:$H$5000,종합!$CG47) -> 3 | CJ47: =SUMIFS('시점재고(~26.07.31, 생판재)'!$BM$4:$BM$5000,'시점재고(~26.07.31, 생판재)'!$H$4:$H$5000,종합!$CG47) -> 18211 | CK47: =SUMIFS('생판재-러닝(ST)'!$BG$4:$BG$5000,'생판재-러닝(ST)'!$H$4:$H$5000,종합!$CG47,'생판재-러닝(ST)'!$D$4:$D$5000,"<>가을(러닝)",'생판재-러닝(ST)'!$D$4:$D$5000,"<>겨울(러닝)")-( SUMIFS('시점재고(~26.07.31, 생판재)'!$BG$4:$BG$5000,'시점재고(~26.07.31, 생판재)'!$H$4:$H$5000,종합!CG47)) -> 3191 | CL47: =IFERROR(CK47/#REF!,"") | CM47: =SUMIFS('생판재-러닝(ST)'!$BH$4:$BH$5000,'생판재-러닝(ST)'!$H$4:$H$5000,종합!$F47,'생판재-러닝(ST)'!$D$4:$D$5000,"<>가을(러닝)",'생판재-러닝(ST)'!$D$4:$D$5000,"<>겨울(러닝)")-( SUMIFS('시점재고(~26.07.31, 생판재)'!$BH$4:$BH$5000,'시점재고(~26.07.31, 생판재)'!$H$4:$H$5000,종합!$F47)) -> 123847000 | CN47: =SUMIFS('생판재-러닝(ST)'!$BI$4:$BI$5000,'생판재-러닝(ST)'!$H$4:$H$5000,종합!$F47,'생판재-러닝(ST)'!$D$4:$D$5000,"<>가을(러닝)",'생판재-러닝(ST)'!$D$4:$D$5000,"<>겨울(러닝)")-( SUMIFS('시점재고(~26.07.31, 생판재)'!$BI$4:$BI$5000,'시점재고(~26.07.31, 생판재)'!$H$4:$H$5000,종합!$F47)) -> 73320087 | CO47: =SUMIFS('생판재-러닝(ST)'!$BJ$4:$BJ$5000,'생판재-러닝(ST)'!$H$4:$H$5000,종합!$F47,'생판재-러닝(ST)'!$D$4:$D$5000,"<>가을(러닝)",'생판재-러닝(ST)'!$D$4:$D$5000,"<>겨울(러닝)")-( SUMIFS('시점재고(~26.07.31, 생판재)'!$BJ$4:$BJ$5000,'시점재고(~26.07.31, 생판재)'!$H$4:$H$5000,종합!$F47)) -> 25473100 | CP47: =IFERROR(1-(CN47/CM47),"") -> 0.4079785 | CQ47: =SUMIFS('생판재-러닝(ST)'!$BC$4:$BC$5000,'생판재-러닝(ST)'!$H$4:$H$5000,종합!$F47,'생판재-러닝(ST)'!$D$4:$D$5000,"<>가을(러닝)",'생판재-러닝(ST)'!$D$4:$D$5000,"<>겨울(러닝)") -> 364 | CR47: =SUMIFS('생판재-러닝(ST)'!$BE$4:$BE$5000,'생판재-러닝(ST)'!$H$4:$H$5000,종합!$F47,'생판재-러닝(ST)'!$D$4:$D$5000,"<>가을(러닝)",'생판재-러닝(ST)'!$D$4:$D$5000,"<>겨울(러닝)") -> 10426027
AF48: 저지셋업상의 | AG48: =AG91+AG133 -> 18 | AH48: =AH91+AH133 -> 0 | AI48: =AI91+AI133 -> 28060 | AJ48: =AJ91+AJ133 -> 1 | AK48: =AK91+AK133 -> 0 | AL48: =AL91+AL133 -> 1083 | AM48: =IFERROR(AL48/AI48,"") -> 0.038595866 | AN48: =AN91+AN133 -> 401506500 | AO48: =AO91+AO133 -> 20577000 | AP48: =AO48/AO$109 -> 0.0094728438 | AQ48: =AQ91+AQ133 -> 88806000 | AR48: =AQ48/AQ$109 -> 0.0094812262 | AS48: =IFERROR(AQ48/AO48/1.1,"") -> 3.923445 | AT48: =AT91+AT133 -> 67 | AU48: =IFERROR(AT48/AL48,"") -> 0.061865189 | AV48: =AV91+AV133 -> 5494000 | AW48: =AW91+AW133 -> 1103738 | AX48: =AX91+AX133 -> 1273000 | AY48: =IFERROR(1-(AW48/AV48),"") -> 0.7991012 | AZ48: =AZ91+AZ133 -> 48 | BA48: =BA91+BA133 -> 499682 | CH48: =COUNTIFS('시점재고(~26.07.31, 생판재)'!$H$4:$H$5000,종합!$CG48) -> 0 | CJ48: =SUMIFS('시점재고(~26.07.31, 생판재)'!$BM$4:$BM$5000,'시점재고(~26.07.31, 생판재)'!$H$4:$H$5000,종합!$CG48) -> 0 | CK48: =SUMIFS('생판재-러닝(ST)'!$BG$4:$BG$5000,'생판재-러닝(ST)'!$H$4:$H$5000,종합!$CG48,'생판재-러닝(ST)'!$D$4:$D$5000,"<>가을(러닝)",'생판재-러닝(ST)'!$D$4:$D$5000,"<>겨울(러닝)")-( SUMIFS('시점재고(~26.07.31, 생판재)'!$BG$4:$BG$5000,'시점재고(~26.07.31, 생판재)'!$H$4:$H$5000,종합!CG48)) -> 0 | CM48: =SUMIFS('생판재-러닝(ST)'!$BH$4:$BH$5000,'생판재-러닝(ST)'!$H$4:$H$5000,종합!$F48,'생판재-러닝(ST)'!$D$4:$D$5000,"<>가을(러닝)",'생판재-러닝(ST)'!$D$4:$D$5000,"<>겨울(러닝)")-( SUMIFS('시점재고(~26.07.31, 생판재)'!$BH$4:$BH$5000,'시점재고(~26.07.31, 생판재)'!$H$4:$H$5000,종합!$F48)) -> 0 | CN48: =SUMIFS('생판재-러닝(ST)'!$BI$4:$BI$5000,'생판재-러닝(ST)'!$H$4:$H$5000,종합!$F48,'생판재-러닝(ST)'!$D$4:$D$5000,"<>가을(러닝)",'생판재-러닝(ST)'!$D$4:$D$5000,"<>겨울(러닝)")-( SUMIFS('시점재고(~26.07.31, 생판재)'!$BI$4:$BI$5000,'시점재고(~26.07.31, 생판재)'!$H$4:$H$5000,종합!$F48)) -> 0 | CO48: =SUMIFS('생판재-러닝(ST)'!$BJ$4:$BJ$5000,'생판재-러닝(ST)'!$H$4:$H$5000,종합!$F48,'생판재-러닝(ST)'!$D$4:$D$5000,"<>가을(러닝)",'생판재-러닝(ST)'!$D$4:$D$5000,"<>겨울(러닝)")-( SUMIFS('시점재고(~26.07.31, 생판재)'!$BJ$4:$BJ$5000,'시점재고(~26.07.31, 생판재)'!$H$4:$H$5000,종합!$F48)) -> 0 | CQ48: =SUMIFS('생판재-러닝(ST)'!$BC$4:$BC$5000,'생판재-러닝(ST)'!$H$4:$H$5000,종합!$F48,'생판재-러닝(ST)'!$D$4:$D$5000,"<>가을(러닝)",'생판재-러닝(ST)'!$D$4:$D$5000,"<>겨울(러닝)") -> 0 | CR48: =SUMIFS('생판재-러닝(ST)'!$BE$4:$BE$5000,'생판재-러닝(ST)'!$H$4:$H$5000,종합!$F48,'생판재-러닝(ST)'!$D$4:$D$5000,"<>가을(러닝)",'생판재-러닝(ST)'!$D$4:$D$5000,"<>겨울(러닝)") -> 0
D49: TOP | E49: W/O KNIT S.TTL | G49: =SUM(G43:G47) -> 41 | H49: =SUM(H43:H47) -> 109 | I49: =SUM(I43:I47) -> 77306 | J49: =SUM(J43:J47) -> 20 | K49: =SUM(K43:K47) -> 57 | L49: =SUM(L43:L47) -> 50073 | M49: =IFERROR(L49/I49,"") -> 0.64772463 | N49: =SUM(N43:N47) -> 938842400 | O49: =SUM(O43:O47) -> 568920520 | P49: =O49/O$66 -> 0.25831717 | Q49: =SUM(Q43:Q47) -> 2730896000 | R49: =Q49/Q$66 -> 0.2954313 | S49: =IFERROR(Q49/O49/1.1,"") -> 4.3637602 | T49: =SUM(T43:T47) -> 2346 | U49: =IFERROR(T49/L49,"") -> 0.046851597 | V49: =SUM(V43:V47) -> 131139000 | W49: =SUM(W43:W47) -> 95278412 | X49: =SUM(X43:X47) -> 26956100 | Y49: =IFERROR(1-(W49/V49),"") -> 0.27345479 | Z49: =SUM(Z43:Z47) -> 1429 | AA49: =SUM(AA43:AA47) -> 58377937 | AD49: TOP | AE49: W/O KNIT S.TTL | AG49: =SUM(AG43:AG48) -> 84 | AH49: =SUM(AH43:AH47) -> 0 | AI49: =SUM(AI43:AI48) -> 191172 | AJ49: =SUM(AJ43:AJ48) -> 26 | AK49: =SUM(AK43:AK47) -> 0 | AL49: =SUM(AL43:AL48) -> 50433 | AM49: =IFERROR(AL49/AI49,"") -> 0.26380955 | AN49: =SUM(AN43:AN48) -> 2337153900 | AO49: =SUM(AO43:AO48) -> 585357400 | AP49: =AO49/AO$109 -> 0.26947559 | AQ49: =SUM(AQ43:AQ48) -> 2834560000 | AR49: =AQ49/AQ$109 -> 0.30262713 | AS49: =IFERROR(AQ49/AO49/1.1,"") -> 4.4022212 | AT49: =SUM(AT43:AT48) -> 8220 | AU49: =IFERROR(AT49/AL49,"") -> 0.16298852 | AV49: =SUM(AV43:AV48) -> 372453000 | AW49: =SUM(AW43:AW48) -> 224298944 | AX49: =SUM(AX43:AX48) -> 75947100 | AY49: =IFERROR(1-(AW49/AV49),"") -> 0.3977792 | AZ49: =SUM(AZ43:AZ48) -> 3150 | BA49: =SUM(BA43:BA48) -> 82096842 | BE49: TOP | BF49: W/O KNIT S.TTL | BH49: =SUM(BH43:BH47) -> 4 | BI49: =SUM(BI43:BI47) -> 15 | BJ49: =SUM(BJ43:BJ47) -> 24900 | BK49: =SUM(BK43:BK47) -> 4 | BL49: =SUM(BL43:BL47) -> 15 | BM49: =SUM(BM43:BM47) -> 25882 | BN49: =IFERROR(BM49/BJ49,"") -> 1.0394378 | BO49: =SUM(BO43:BO47) -> 251064000 | BP49: =SUM(BP43:BP47) -> 260927780 | BQ49: =BP49/BP$66 -> 0.085173795 | BR49: =SUM(BR43:BR47) -> 1125512000 | BS49: =BR49/BR$66 -> 0.082791254 | BT49: =IFERROR(BR49/BP49/1.1,"") -> 3.9213637 | BU49: =SUM(BU43:BU47) -> 1417 | BV49: =IFERROR(BU49/BM49,"") -> 0.054748474 | BW49: =SUM(BW43:BW47) -> 60605000 | BX49: =SUM(BX43:BX47) -> 41620558 | BY49: =SUM(BY43:BY47) -> 12864980 | BZ49: =IFERROR(1-(BX49/BW49),"") -> 0.31324877 | CA49: =SUM(CA43:CA47) -> 623 | CB49: =SUM(CB43:CB47) -> 18355439 | CE49: TOP | CF49: W/O KNIT S.TTL | CH49: =SUM(CH43:CH47) -> 4 | CI49: =SUM(CI43:CI47) -> 0 | CJ49: =SUM(CJ43:CJ47) -> 26181 | CK49: =SUM(CK43:CK47) -> 4088 | CL49: =IFERROR(CK49/#REF!,"") | CM49: =SUM(CM43:CM47) -> 167800000 | CN49: =SUM(CN43:CN47) -> 101222852 | CO49: =SUM(CO43:CO47) -> 35340100 | CP49: =IFERROR(1-(CN49/CM49),"") -> 0.39676489 | CQ49: =SUM(CQ43:CQ47) -> 614 | CR49: =SUM(CR43:CR47) -> 18366504
D50: TOP TOTAL | G50: =+G49+G42 -> 99 | H50: =+H49+H42 -> 259 | I50: =+I49+I42 -> 149737 | J50: =+J49+J42 -> 31 | K50: =+K49+K42 -> 88 | L50: =+L49+L42 -> 74088 | M50: =IFERROR(L50/I50,"") -> 0.49478753 | N50: =+N49+N42 -> 1906122400 | O50: =+O49+O42 -> 1028832620 | P50: =O50/O$66 -> 0.4671393 | Q50: =+Q49+Q42 -> 4574966000 | R50: =Q50/Q$66 -> 0.49492479 | S50: =IFERROR(Q50/O50/1.1,"") -> 4.042504 | T50: =+T49+T42 -> 4453 | U50: =IFERROR(T50/L50,"") -> 0.0601042 | V50: =+V49+V42 -> 283304000 | W50: =+W49+W42 -> 216326359 | X50: =+X49+X42 -> 66043900 | Y50: =IFERROR(1-(W50/V50),"") -> 0.23641615 | Z50: =+Z49+Z42 -> 2413 | AA50: =+AA49+AA42 -> 116060393 | AD50: TOP TOTAL | AG50: =+AG49+AG42 -> 151 | AH50: =+AH49+AH42 -> 0 | AI50: =+AI49+AI42 -> 396641 | AJ50: =+AJ49+AJ42 -> 49 | AK50: =+AK49+AK42 -> 0 | AL50: =+AL49+AL42 -> 102765 | AM50: =IFERROR(AL50/AI50,"") -> 0.25908819 | AN50: =+AN49+AN42 -> 5664083600 | AO50: =+AO49+AO42 -> 1436245460 | AP50: =AO50/AO$109 -> 0.66119108 | AQ50: =+AQ49+AQ42 -> 6201852000 | AR50: =AQ50/AQ$109 -> 0.66213051 | AS50: =IFERROR(AQ50/AO50/1.1,"") -> 3.9255458 | AT50: =+AT49+AT42 -> 13100 | AU50: =IFERROR(AT50/AL50,"") -> 0.12747531 | AV50: =+AV49+AV42 -> 677354000 | AW50: =+AW49+AW42 -> 429235459 | AX50: =+AX49+AX42 -> 154455000 | AY50: =IFERROR(1-(AW50/AV50),"") -> 0.36630557 | AZ50: =+AZ49+AZ42 -> 4998 | BA50: =+BA49+BA42 -> 168660293 | BE50: TOP TOTAL | BH50: =+BH49+BH42 -> 19 | BI50: =+BI49+BI42 -> 84 | BJ50: =+BJ49+BJ42 -> 149700 | BK50: =+BK49+BK42 -> 17 | BL50: =+BL49+BL42 -> 75 | BM50: =+BM49+BM42 -> 124868 | BN50: =IFERROR(BM50/BJ50,"") -> 0.83412158 | BO50: =+BO49+BO42 -> 2237014000 | BP50: =+BP49+BP42 -> 1839254880 | BQ50: =BP50/BP$66 -> 0.60038191 | BR50: =+BR49+BR42 -> 8362760000 | BS50: =BR50/BR$66 -> 0.61515416 | BT50: =IFERROR(BR50/BP50/1.1,"") -> 4.1334723 | BU50: =+BU49+BU42 -> 4378 | BV50: =IFERROR(BU50/BM50,"") -> 0.035061024 | BW50: =+BW49+BW42 -> 282673000 | BX50: =+BX49+BX42 -> 172120770 | BY50: =+BY49+BY42 -> 59898580 | BZ50: =IFERROR(1-(BX50/BW50),"") -> 0.39109582 | CA50: =+CA49+CA42 -> 2125 | CB50: =+CB49+CB42 -> 85153996 | CE50: TOP TOTAL | CH50: =+CH49+CH42 -> 19 | CI50: =+CI49+CI42 -> 0 | CJ50: =+CJ49+CJ42 -> 128881 | CK50: =+CK49+CK42 -> 14056 | CL50: =IFERROR(CK50/#REF!,"") | CM50: =+CM49+CM42 -> 963127000 | CN50: =+CN49+CN42 -> 479129224 | CO50: =+CO49+CO42 -> 166303300 | CP50: =IFERROR(1-(CN50/CM50),"") -> 0.50252747 | CQ50: =+CQ49+CQ42 -> 3247 | CR50: =+CR49+CR42 -> 125416027
D51: BOTTOM | E51: PT | F51: 긴바지 | G51: =SUMIF('주간판매-26FW(CO)'!$I:$I,종합!$F51,'주간판매-26FW(CO)'!$P:$P) -> 25 | H51: =COUNTIF('주간판매-26FW(CO)'!$I:$I,종합!$F51) -> 60 | I51: =SUMIFS('주간판매-26FW(CO)'!$R$4:$R$5000,'주간판매-26FW(CO)'!$I$4:$I$5000,종합!$F51) -> 28711 | J51: =SUMIFS('주간판매-26FW(CO)'!$P$4:$P$5000,'주간판매-26FW(CO)'!$I$4:$I$5000,종합!$F51,'주간판매-26FW(CO)'!$V$4:$V$5000,">0") -> 9 | K51: =COUNTIFS('주간판매-26FW(CO)'!$I$4:$I$5000,종합!$F51,'주간판매-26FW(CO)'!$V$4:$V$5000,">0") -> 19 | L51: =SUMIFS('주간판매-26FW(CO)'!$V$4:$V$5000,'주간판매-26FW(CO)'!$I$4:$I$5000,종합!$F51) -> 11044 | M51: =IFERROR(L51/I51,"") -> 0.38466093 | N51: =SUMIFS('생판재-26FW(ST)'!$AI$4:$AI$5000,'생판재-26FW(ST)'!$H$4:$H$5000,종합!$F51) -> 440347350 | O51: =SUMIFS('생판재-26FW(ST)'!$AR$4:$AR$5000,'생판재-26FW(ST)'!$H$4:$H$5000,종합!$F51) -> 236618900 | P51: =O51/O$66 -> 0.10743632 | Q51: =SUMIFS('생판재-26FW(ST)'!$AQ$4:$AQ$5000,'생판재-26FW(ST)'!$H$4:$H$5000,종합!$F51) -> 896450000 | R51: =Q51/Q$66 -> 0.096978935 | S51: =IFERROR(Q51/O51/1.1,"") -> 3.444165 | T51: =SUMIFS('생판재-26FW(ST)'!$BG$4:$BG$5000,'생판재-26FW(ST)'!$H$4:$H$5000,종합!$F51) -> 258 | U51: =IFERROR(T51/L51,"") -> 0.023361101 | V51: =SUMIFS('생판재-26FW(ST)'!$BH$4:$BH$5000,'생판재-26FW(ST)'!$H$4:$H$5000,종합!$F51) -> 21183000 | W51: =SUMIFS('생판재-26FW(ST)'!$BI$4:$BI$5000,'생판재-26FW(ST)'!$H$4:$H$5000,종합!$F51) -> 16826012 | X51: =SUMIFS('생판재-26FW(ST)'!$BJ$4:$BJ$5000,'생판재-26FW(ST)'!$H$4:$H$5000,종합!$F51) -> 5521380 | Y51: =IFERROR(1-(W51/V51),"") -> 0.20568324 | Z51: =SUMIFS('생판재-26FW(ST)'!$BC$4:$BC$5000,'생판재-26FW(ST)'!$H$4:$H$5000,종합!$F51) -> 200 | AA51: =SUMIFS('생판재-26FW(ST)'!$BE$4:$BE$5000,'생판재-26FW(ST)'!$H$4:$H$5000,종합!$F51) -> 12723462 | AD51: BOTTOM | AE51: PT | AF51: 긴바지 | AG51: =AG94+AG135 -> 21 | AH51: =AH94+AH135 -> 0 | AI51: =AI94+AI135 -> 43245 | AJ51: =AJ94+AJ135 -> 7 | AK51: =AK94+AK135 -> 0 | AL51: =AL94+AL135 -> 8207 | AM51: =IFERROR(AL51/AI51,"") -> 0.18977917 | AN51: =AN94+AN135 -> 757540500 | AO51: =AO94+AO135 -> 143403900 | AP51: =AO51/AO$109 -> 0.066017532 | AQ51: =AQ94+AQ135 -> 620448000 | AR51: =AQ51/AQ$109 -> 0.066241108 | AS51: =IFERROR(AQ51/AO51/1.1,"") -> 3.9332517 | AT51: =AT94+AT135 -> 1328 | AU51: =IFERROR(AT51/AL51,"") -> 0.16181309 | AV51: =AV94+AV135 -> 103594000 | AW51: =AW94+AW135 -> 57800472 | AX51: =AX94+AX135 -> 23394800 | AY51: =IFERROR(1-(AW51/AV51),"") -> 0.44204807 | AZ51: =AZ94+AZ135 -> 683 | BA51: =BA94+BA135 -> 26102574 | BE51: BOTTOM | BF51: PT | BG51: 긴바지 | BH51: =SUMIFS('주간판매-러닝(CO)'!$P$4:$P$5000,'주간판매-러닝(CO)'!$I$4:$I$5000,종합!$BG51) -> 6 | BI51: =COUNTIFS('주간판매-러닝(CO)'!$I$4:$I$5000,종합!$BG51,'주간판매-러닝(CO)'!$E$4:$E$5000,"가을(러닝)")+ COUNTIFS('주간판매-러닝(CO)'!$I$4:$I$5000,종합!$BG51,'주간판매-러닝(CO)'!$E$4:$E$5000,"겨울(러닝)") -> 19 | BJ51: =SUMIFS('주간판매-러닝(CO)'!$R$4:$R$5000,'주간판매-러닝(CO)'!$I$4:$I$5000,종합!$F51,'주간판매-러닝(CO)'!$E$4:$E$5000,"가을(러닝)")+ SUMIFS('주간판매-러닝(CO)'!$R$4:$R$5000,'주간판매-러닝(CO)'!$I$4:$I$5000,종합!$F51,'주간판매-러닝(CO)'!$E$4:$E$5000,"겨울(러닝)") -> 10100 | BK51: =COUNTIFS('주간판매-러닝(CO)'!$P$4:$P$5000,"A",'주간판매-러닝(CO)'!$I$4:$I$5000,종합!$F51,'주간판매-러닝(CO)'!$V$4:$V$5000,">0",'주간판매-러닝(CO)'!$E$4:$E$5000,"가을(러닝)")+ COUNTIFS('주간판매-러닝(CO)'!$P$4:$P$5000,"A",'주간판매-러닝(CO)'!$I$4:$I$5000,종합!$F51,'주간판매-러닝(CO)'!$V$4:$V$5000,">0",'주간판매-러닝(CO)'!$E$4:$E$5000,"겨울(러닝)") -> 4 | BL51: =COUNTIFS('주간판매-러닝(CO)'!$I$4:$I$5000,종합!$F51,'주간판매-러닝(CO)'!$V$4:$V$5000,">0",'주간판매-러닝(CO)'!$E$4:$E$5000,"가을(러닝)")+ COUNTIFS('주간판매-러닝(CO)'!$I$4:$I$5000,종합!$F51,'주간판매-러닝(CO)'!$V$4:$V$5000,">0",'주간판매-러닝(CO)'!$E$4:$E$5000,"겨울(러닝)") -> 12 | BM51: =SUMIFS('주간판매-러닝(CO)'!$V$4:$V$5000,'주간판매-러닝(CO)'!$I$4:$I$5000,종합!$F51,'주간판매-러닝(CO)'!$E$4:$E$5000,"가을(러닝)")+ SUMIFS('주간판매-러닝(CO)'!$V$4:$V$5000,'주간판매-러닝(CO)'!$I$4:$I$5000,종합!$F51,'주간판매-러닝(CO)'!$E$4:$E$5000,"겨울(러닝)") -> 5435 | BN51: =IFERROR(BM51/BJ51,"") -> 0.53811881 | BO51: =SUMIFS('생판재-러닝(ST)'!$AI$4:$AI$5000,'생판재-러닝(ST)'!$H$4:$H$5000,종합!$F51,'생판재-러닝(ST)'!$D$4:$D$5000,"가을(러닝)")+ SUMIFS('생판재-러닝(ST)'!$AI$4:$AI$5000,'생판재-러닝(ST)'!$H$4:$H$5000,종합!$F51,'생판재-러닝(ST)'!$D$4:$D$5000,"겨울(러닝)") -> 171890000 | BP51: =SUMIFS('생판재-러닝(ST)'!$AR$4:$AR$5000,'생판재-러닝(ST)'!$H$4:$H$5000,종합!$F51,'생판재-러닝(ST)'!$D$4:$D$5000,"가을(러닝)")+ SUMIFS('생판재-러닝(ST)'!$AR$4:$AR$5000,'생판재-러닝(ST)'!$H$4:$H$5000,종합!$F51,'생판재-러닝(ST)'!$D$4:$D$5000,"겨울(러닝)") -> 98885900 | BQ51: =BP51/BP$66 -> 0.032278998 | BR51: =SUMIFS('생판재-러닝(ST)'!$AQ$4:$AQ$5000,'생판재-러닝(ST)'!$H$4:$H$5000,종합!$F51,'생판재-러닝(ST)'!$D$4:$D$5000,"가을(러닝)")+ SUMIFS('생판재-러닝(ST)'!$AQ$4:$AQ$5000,'생판재-러닝(ST)'!$H$4:$H$5000,종합!$F51,'생판재-러닝(ST)'!$D$4:$D$5000,"겨울(러닝)") -> 398751000 | BS51: =BR51/BR$66 -> 0.029331625 | BT51: =IFERROR(BR51/BP51/1.1,"") -> 3.6658503 | BU51: =SUMIFS('생판재-러닝(ST)'!$BG$4:$BG$5000,'생판재-러닝(ST)'!$H$4:$H$5000,종합!$F51,'생판재-러닝(ST)'!$D$4:$D$5000,"가을(러닝)")+ SUMIFS('생판재-러닝(ST)'!$BG$4:$BG$5000,'생판재-러닝(ST)'!$H$4:$H$5000,종합!$F51,'생판재-러닝(ST)'!$D$4:$D$5000,"겨울(러닝)") -> 190 | BV51: =IFERROR(BU51/BM51,"") -> 0.034958602 | BW51: =SUMIFS('생판재-러닝(ST)'!$BH$4:$BH$5000,'생판재-러닝(ST)'!$H$4:$H$5000,종합!$F51,'생판재-러닝(ST)'!$D$4:$D$5000,"가을(러닝)")+ SUMIFS('생판재-러닝(ST)'!$BH$4:$BH$5000,'생판재-러닝(ST)'!$H$4:$H$5000,종합!$F51,'생판재-러닝(ST)'!$D$4:$D$5000,"겨울(러닝)") -> 13848000 | BX51: =SUMIFS('생판재-러닝(ST)'!$BI$4:$BI$5000,'생판재-러닝(ST)'!$H$4:$H$5000,종합!$F51,'생판재-러닝(ST)'!$D$4:$D$5000,"가을(러닝)")+ SUMIFS('생판재-러닝(ST)'!$BI$4:$BI$5000,'생판재-러닝(ST)'!$H$4:$H$5000,종합!$F51,'생판재-러닝(ST)'!$D$4:$D$5000,"겨울(러닝)") -> 9749230 | BY51: =SUMIFS('생판재-러닝(ST)'!$BJ$4:$BJ$5000,'생판재-러닝(ST)'!$H$4:$H$5000,종합!$F51,'생판재-러닝(ST)'!$D$4:$D$5000,"가을(러닝)")+ SUMIFS('생판재-러닝(ST)'!$BJ$4:$BJ$5000,'생판재-러닝(ST)'!$H$4:$H$5000,종합!$F51,'생판재-러닝(ST)'!$D$4:$D$5000,"겨울(러닝)") -> 3365800 | BZ51: =IFERROR(1-(BX51/BW51),"") -> 0.29598281 | CA51: =SUMIFS('생판재-러닝(ST)'!$BC$4:$BC$5000,'생판재-러닝(ST)'!$H$4:$H$5000,종합!$F51,'생판재-러닝(ST)'!$D$4:$D$5000,"가을(러닝)")+ SUMIFS('생판재-러닝(ST)'!$BC$4:$BC$5000,'생판재-러닝(ST)'!$H$4:$H$5000,종합!$F51,'생판재-러닝(ST)'!$D$4:$D$5000,"겨울(러닝)") -> 96 | CB51: =SUMIFS('생판재-러닝(ST)'!$BE$4:$BE$5000,'생판재-러닝(ST)'!$H$4:$H$5000,종합!$F51,'생판재-러닝(ST)'!$D$4:$D$5000,"가을(러닝)")+ SUMIFS('생판재-러닝(ST)'!$BE$4:$BE$5000,'생판재-러닝(ST)'!$H$4:$H$5000,종합!$F51,'생판재-러닝(ST)'!$D$4:$D$5000,"겨울(러닝)") -> 5006700 | CE51: BOTTOM | CF51: PT | CG51: 긴바지 | CH51: =COUNTIFS('시점재고(~26.07.31, 생판재)'!$H$4:$H$5000,종합!$CG51) -> 6 | CJ51: =SUMIFS('시점재고(~26.07.31, 생판재)'!$BM$4:$BM$5000,'시점재고(~26.07.31, 생판재)'!$H$4:$H$5000,종합!$CG51) -> 12125 | CK51: =SUMIFS('생판재-러닝(ST)'!$BG$4:$BG$5000,'생판재-러닝(ST)'!$H$4:$H$5000,종합!$CG51,'생판재-러닝(ST)'!$D$4:$D$5000,"<>가을(러닝)",'생판재-러닝(ST)'!$D$4:$D$5000,"<>겨울(러닝)")-( SUMIFS('시점재고(~26.07.31, 생판재)'!$BG$4:$BG$5000,'시점재고(~26.07.31, 생판재)'!$H$4:$H$5000,종합!CG51)) -> 1231 | CL51: =IFERROR(CK51/#REF!,"") | CM51: =SUMIFS('생판재-러닝(ST)'!$BH$4:$BH$5000,'생판재-러닝(ST)'!$H$4:$H$5000,종합!$F51,'생판재-러닝(ST)'!$D$4:$D$5000,"<>가을(러닝)",'생판재-러닝(ST)'!$D$4:$D$5000,"<>겨울(러닝)")-( SUMIFS('시점재고(~26.07.31, 생판재)'!$BH$4:$BH$5000,'시점재고(~26.07.31, 생판재)'!$H$4:$H$5000,종합!$F51)) -> 87525000 | CN51: =SUMIFS('생판재-러닝(ST)'!$BI$4:$BI$5000,'생판재-러닝(ST)'!$H$4:$H$5000,종합!$F51,'생판재-러닝(ST)'!$D$4:$D$5000,"<>가을(러닝)",'생판재-러닝(ST)'!$D$4:$D$5000,"<>겨울(러닝)")-( SUMIFS('시점재고(~26.07.31, 생판재)'!$BI$4:$BI$5000,'시점재고(~26.07.31, 생판재)'!$H$4:$H$5000,종합!$F51)) -> 58052092 | CO51: =SUMIFS('생판재-러닝(ST)'!$BJ$4:$BJ$5000,'생판재-러닝(ST)'!$H$4:$H$5000,종합!$F51,'생판재-러닝(ST)'!$D$4:$D$5000,"<>가을(러닝)",'생판재-러닝(ST)'!$D$4:$D$5000,"<>겨울(러닝)")-( SUMIFS('시점재고(~26.07.31, 생판재)'!$BJ$4:$BJ$5000,'시점재고(~26.07.31, 생판재)'!$H$4:$H$5000,종합!$F51)) -> 21117000 | CP51: =IFERROR(1-(CN51/CM51),"") -> 0.33673702 | CQ51: =SUMIFS('생판재-러닝(ST)'!$BC$4:$BC$5000,'생판재-러닝(ST)'!$H$4:$H$5000,종합!$F51,'생판재-러닝(ST)'!$D$4:$D$5000,"<>가을(러닝)",'생판재-러닝(ST)'!$D$4:$D$5000,"<>겨울(러닝)") -> 277 | CR51: =SUMIFS('생판재-러닝(ST)'!$BE$4:$BE$5000,'생판재-러닝(ST)'!$H$4:$H$5000,종합!$F51,'생판재-러닝(ST)'!$D$4:$D$5000,"<>가을(러닝)",'생판재-러닝(ST)'!$D$4:$D$5000,"<>겨울(러닝)") -> 14421487
D52: BOTTOM | E52: HP | F52: 반바지 | G52: =SUMIF('주간판매-26FW(CO)'!$I:$I,종합!$F52,'주간판매-26FW(CO)'!$P:$P) -> 3 | H52: =COUNTIF('주간판매-26FW(CO)'!$I:$I,종합!$F52) -> 6 | I52: =SUMIFS('주간판매-26FW(CO)'!$R$4:$R$5000,'주간판매-26FW(CO)'!$I$4:$I$5000,종합!$F52) -> 1902 | J52: =SUMIFS('주간판매-26FW(CO)'!$P$4:$P$5000,'주간판매-26FW(CO)'!$I$4:$I$5000,종합!$F52,'주간판매-26FW(CO)'!$V$4:$V$5000,">0") -> 2 | K52: =COUNTIFS('주간판매-26FW(CO)'!$I$4:$I$5000,종합!$F52,'주간판매-26FW(CO)'!$V$4:$V$5000,">0") -> 4 | L52: =SUMIFS('주간판매-26FW(CO)'!$V$4:$V$5000,'주간판매-26FW(CO)'!$I$4:$I$5000,종합!$F52) -> 1817 | M52: =IFERROR(L52/I52,"") -> 0.9553102 | N52: =SUMIFS('생판재-26FW(ST)'!$AI$4:$AI$5000,'생판재-26FW(ST)'!$H$4:$H$5000,종합!$F52) -> 36560000 | O52: =SUMIFS('생판재-26FW(ST)'!$AR$4:$AR$5000,'생판재-26FW(ST)'!$H$4:$H$5000,종합!$F52) -> 34871200 | P52: =O52/O$66 -> 0.015833195 | Q52: =SUMIFS('생판재-26FW(ST)'!$AQ$4:$AQ$5000,'생판재-26FW(ST)'!$H$4:$H$5000,종합!$F52) -> 135383000 | R52: =Q52/Q$66 -> 0.01464588 | S52: =IFERROR(Q52/O52/1.1,"") -> 3.5294299 | T52: =SUMIFS('생판재-26FW(ST)'!$BG$4:$BG$5000,'생판재-26FW(ST)'!$H$4:$H$5000,종합!$F52) -> 33 | U52: =IFERROR(T52/L52,"") -> 0.018161805 | V52: =SUMIFS('생판재-26FW(ST)'!$BH$4:$BH$5000,'생판재-26FW(ST)'!$H$4:$H$5000,종합!$F52) -> 2607000 | W52: =SUMIFS('생판재-26FW(ST)'!$BI$4:$BI$5000,'생판재-26FW(ST)'!$H$4:$H$5000,종합!$F52) -> 1563330 | X52: =SUMIFS('생판재-26FW(ST)'!$BJ$4:$BJ$5000,'생판재-26FW(ST)'!$H$4:$H$5000,종합!$F52) -> 660000 | Y52: =IFERROR(1-(W52/V52),"") -> 0.40033372 | Z52: =SUMIFS('생판재-26FW(ST)'!$BC$4:$BC$5000,'생판재-26FW(ST)'!$H$4:$H$5000,종합!$F52) -> 25 | AA52: =SUMIFS('생판재-26FW(ST)'!$BE$4:$BE$5000,'생판재-26FW(ST)'!$H$4:$H$5000,종합!$F52) -> 1136790 | AD52: BOTTOM | AE52: HP | AF52: 반바지 | AG52: =AG95+AG136 -> 1 | AH52: =AH95+AH136 -> 0 | AI52: =AI95+AI136 -> 1875 | AJ52: =AJ95+AJ136 -> 1 | AK52: =AK95+AK136 -> 0 | AL52: =AL95+AL136 -> 1730 | AM52: =IFERROR(AL52/AI52,"") -> 0.92266667 | AN52: =AN95+AN136 -> 30937500 | AO52: =AO95+AO136 -> 28545000 | AP52: =AO52/AO$109 -> 0.013140999 | AQ52: =AQ95+AQ136 -> 110720000 | AR52: =AQ52/AQ$109 -> 0.011820838 | AS52: =IFERROR(AQ52/AO52/1.1,"") -> 3.5261708 | AT52: =AT95+AT136 -> 141 | AU52: =IFERROR(AT52/AL52,"") -> 0.08150289 | AV52: =AV95+AV136 -> 9024000 | AW52: =AW95+AW136 -> 2904144 | AX52: =AX95+AX136 -> 2326500 | AY52: =IFERROR(1-(AW52/AV52),"") -> 0.67817553 | AZ52: =AZ95+AZ136 -> 55 | BA52: =BA95+BA136 -> -340746 | BE52: BOTTOM | BF52: HP | BG52: 반바지 | BH52: =SUMIFS('주간판매-러닝(CO)'!$P$4:$P$5000,'주간판매-러닝(CO)'!$I$4:$I$5000,종합!$BG52) -> 1 | BI52: =COUNTIFS('주간판매-러닝(CO)'!$I$4:$I$5000,종합!$BG52,'주간판매-러닝(CO)'!$E$4:$E$5000,"가을(러닝)")+ COUNTIFS('주간판매-러닝(CO)'!$I$4:$I$5000,종합!$BG52,'주간판매-러닝(CO)'!$E$4:$E$5000,"겨울(러닝)") -> 1 | BJ52: =SUMIFS('주간판매-러닝(CO)'!$R$4:$R$5000,'주간판매-러닝(CO)'!$I$4:$I$5000,종합!$F52,'주간판매-러닝(CO)'!$E$4:$E$5000,"가을(러닝)")+ SUMIFS('주간판매-러닝(CO)'!$R$4:$R$5000,'주간판매-러닝(CO)'!$I$4:$I$5000,종합!$F52,'주간판매-러닝(CO)'!$E$4:$E$5000,"겨울(러닝)") -> 650 | BK52: =COUNTIFS('주간판매-러닝(CO)'!$P$4:$P$5000,"A",'주간판매-러닝(CO)'!$I$4:$I$5000,종합!$F52,'주간판매-러닝(CO)'!$V$4:$V$5000,">0",'주간판매-러닝(CO)'!$E$4:$E$5000,"가을(러닝)")+ COUNTIFS('주간판매-러닝(CO)'!$P$4:$P$5000,"A",'주간판매-러닝(CO)'!$I$4:$I$5000,종합!$F52,'주간판매-러닝(CO)'!$V$4:$V$5000,">0",'주간판매-러닝(CO)'!$E$4:$E$5000,"겨울(러닝)") -> 0 | BL52: =COUNTIFS('주간판매-러닝(CO)'!$I$4:$I$5000,종합!$F52,'주간판매-러닝(CO)'!$V$4:$V$5000,">0",'주간판매-러닝(CO)'!$E$4:$E$5000,"가을(러닝)")+ COUNTIFS('주간판매-러닝(CO)'!$I$4:$I$5000,종합!$F52,'주간판매-러닝(CO)'!$V$4:$V$5000,">0",'주간판매-러닝(CO)'!$E$4:$E$5000,"겨울(러닝)") -> 0 | BM52: =SUMIFS('주간판매-러닝(CO)'!$V$4:$V$5000,'주간판매-러닝(CO)'!$I$4:$I$5000,종합!$F52,'주간판매-러닝(CO)'!$E$4:$E$5000,"가을(러닝)")+ SUMIFS('주간판매-러닝(CO)'!$V$4:$V$5000,'주간판매-러닝(CO)'!$I$4:$I$5000,종합!$F52,'주간판매-러닝(CO)'!$E$4:$E$5000,"겨울(러닝)") -> 0 | BN52: =IFERROR(BM52/BJ52,"") -> 0 | BO52: =SUMIFS('생판재-러닝(ST)'!$AI$4:$AI$5000,'생판재-러닝(ST)'!$H$4:$H$5000,종합!$F52,'생판재-러닝(ST)'!$D$4:$D$5000,"가을(러닝)")+ SUMIFS('생판재-러닝(ST)'!$AI$4:$AI$5000,'생판재-러닝(ST)'!$H$4:$H$5000,종합!$F52,'생판재-러닝(ST)'!$D$4:$D$5000,"겨울(러닝)") -> 9945000 | BP52: =SUMIFS('생판재-러닝(ST)'!$AR$4:$AR$5000,'생판재-러닝(ST)'!$H$4:$H$5000,종합!$F52,'생판재-러닝(ST)'!$D$4:$D$5000,"가을(러닝)")+ SUMIFS('생판재-러닝(ST)'!$AR$4:$AR$5000,'생판재-러닝(ST)'!$H$4:$H$5000,종합!$F52,'생판재-러닝(ST)'!$D$4:$D$5000,"겨울(러닝)") -> 0 | BQ52: =BP52/BP$66 -> 0 | BR52: =SUMIFS('생판재-러닝(ST)'!$AQ$4:$AQ$5000,'생판재-러닝(ST)'!$H$4:$H$5000,종합!$F52,'생판재-러닝(ST)'!$D$4:$D$5000,"가을(러닝)")+ SUMIFS('생판재-러닝(ST)'!$AQ$4:$AQ$5000,'생판재-러닝(ST)'!$H$4:$H$5000,종합!$F52,'생판재-러닝(ST)'!$D$4:$D$5000,"겨울(러닝)") -> 0 | BS52: =BR52/BR$66 -> 0 | BT52: =IFERROR(BR52/BP52/1.1,"") | BU52: =SUMIFS('생판재-러닝(ST)'!$BG$4:$BG$5000,'생판재-러닝(ST)'!$H$4:$H$5000,종합!$F52,'생판재-러닝(ST)'!$D$4:$D$5000,"가을(러닝)")+ SUMIFS('생판재-러닝(ST)'!$BG$4:$BG$5000,'생판재-러닝(ST)'!$H$4:$H$5000,종합!$F52,'생판재-러닝(ST)'!$D$4:$D$5000,"겨울(러닝)") -> 0 | BV52: =IFERROR(BU52/BM52,"") | BW52: =SUMIFS('생판재-러닝(ST)'!$BH$4:$BH$5000,'생판재-러닝(ST)'!$H$4:$H$5000,종합!$F52,'생판재-러닝(ST)'!$D$4:$D$5000,"가을(러닝)")+ SUMIFS('생판재-러닝(ST)'!$BH$4:$BH$5000,'생판재-러닝(ST)'!$H$4:$H$5000,종합!$F52,'생판재-러닝(ST)'!$D$4:$D$5000,"겨울(러닝)") -> 0 | BX52: =SUMIFS('생판재-러닝(ST)'!$BI$4:$BI$5000,'생판재-러닝(ST)'!$H$4:$H$5000,종합!$F52,'생판재-러닝(ST)'!$D$4:$D$5000,"가을(러닝)")+ SUMIFS('생판재-러닝(ST)'!$BI$4:$BI$5000,'생판재-러닝(ST)'!$H$4:$H$5000,종합!$F52,'생판재-러닝(ST)'!$D$4:$D$5000,"겨울(러닝)") -> 0 | BY52: =SUMIFS('생판재-러닝(ST)'!$BJ$4:$BJ$5000,'생판재-러닝(ST)'!$H$4:$H$5000,종합!$F52,'생판재-러닝(ST)'!$D$4:$D$5000,"가을(러닝)")+ SUMIFS('생판재-러닝(ST)'!$BJ$4:$BJ$5000,'생판재-러닝(ST)'!$H$4:$H$5000,종합!$F52,'생판재-러닝(ST)'!$D$4:$D$5000,"겨울(러닝)") -> 0 | BZ52: =IFERROR(1-(BX52/BW52),"") | CA52: =SUMIFS('생판재-러닝(ST)'!$BC$4:$BC$5000,'생판재-러닝(ST)'!$H$4:$H$5000,종합!$F52,'생판재-러닝(ST)'!$D$4:$D$5000,"가을(러닝)")+ SUMIFS('생판재-러닝(ST)'!$BC$4:$BC$5000,'생판재-러닝(ST)'!$H$4:$H$5000,종합!$F52,'생판재-러닝(ST)'!$D$4:$D$5000,"겨울(러닝)") -> 0 | CB52: =SUMIFS('생판재-러닝(ST)'!$BE$4:$BE$5000,'생판재-러닝(ST)'!$H$4:$H$5000,종합!$F52,'생판재-러닝(ST)'!$D$4:$D$5000,"가을(러닝)")+ SUMIFS('생판재-러닝(ST)'!$BE$4:$BE$5000,'생판재-러닝(ST)'!$H$4:$H$5000,종합!$F52,'생판재-러닝(ST)'!$D$4:$D$5000,"겨울(러닝)") -> 0 | CE52: BOTTOM | CF52: HP | CG52: 반바지 | CH52: =COUNTIFS('시점재고(~26.07.31, 생판재)'!$H$4:$H$5000,종합!$CG52) -> 1 | CJ52: =SUMIFS('시점재고(~26.07.31, 생판재)'!$BM$4:$BM$5000,'시점재고(~26.07.31, 생판재)'!$H$4:$H$5000,종합!$CG52) -> 3029 | CK52: =SUMIFS('생판재-러닝(ST)'!$BG$4:$BG$5000,'생판재-러닝(ST)'!$H$4:$H$5000,종합!$CG52,'생판재-러닝(ST)'!$D$4:$D$5000,"<>가을(러닝)",'생판재-러닝(ST)'!$D$4:$D$5000,"<>겨울(러닝)")-( SUMIFS('시점재고(~26.07.31, 생판재)'!$BG$4:$BG$5000,'시점재고(~26.07.31, 생판재)'!$H$4:$H$5000,종합!CG52)) -> 1184 | CL52: =IFERROR(CK52/#REF!,"") | CM52: =SUMIFS('생판재-러닝(ST)'!$BH$4:$BH$5000,'생판재-러닝(ST)'!$H$4:$H$5000,종합!$F52,'생판재-러닝(ST)'!$D$4:$D$5000,"<>가을(러닝)",'생판재-러닝(ST)'!$D$4:$D$5000,"<>겨울(러닝)")-( SUMIFS('시점재고(~26.07.31, 생판재)'!$BH$4:$BH$5000,'시점재고(~26.07.31, 생판재)'!$H$4:$H$5000,종합!$F52)) -> 69856000 | CN52: =SUMIFS('생판재-러닝(ST)'!$BI$4:$BI$5000,'생판재-러닝(ST)'!$H$4:$H$5000,종합!$F52,'생판재-러닝(ST)'!$D$4:$D$5000,"<>가을(러닝)",'생판재-러닝(ST)'!$D$4:$D$5000,"<>겨울(러닝)")-( SUMIFS('시점재고(~26.07.31, 생판재)'!$BI$4:$BI$5000,'시점재고(~26.07.31, 생판재)'!$H$4:$H$5000,종합!$F52)) -> 42896316 | CO52: =SUMIFS('생판재-러닝(ST)'!$BJ$4:$BJ$5000,'생판재-러닝(ST)'!$H$4:$H$5000,종합!$F52,'생판재-러닝(ST)'!$D$4:$D$5000,"<>가을(러닝)",'생판재-러닝(ST)'!$D$4:$D$5000,"<>겨울(러닝)")-( SUMIFS('시점재고(~26.07.31, 생판재)'!$BJ$4:$BJ$5000,'시점재고(~26.07.31, 생판재)'!$H$4:$H$5000,종합!$F52)) -> 16576000 | CP52: =IFERROR(1-(CN52/CM52),"") -> 0.38593226 | CQ52: =SUMIFS('생판재-러닝(ST)'!$BC$4:$BC$5000,'생판재-러닝(ST)'!$H$4:$H$5000,종합!$F52,'생판재-러닝(ST)'!$D$4:$D$5000,"<>가을(러닝)",'생판재-러닝(ST)'!$D$4:$D$5000,"<>겨울(러닝)") -> 109 | CR52: =SUMIFS('생판재-러닝(ST)'!$BE$4:$BE$5000,'생판재-러닝(ST)'!$H$4:$H$5000,종합!$F52,'생판재-러닝(ST)'!$D$4:$D$5000,"<>가을(러닝)",'생판재-러닝(ST)'!$D$4:$D$5000,"<>겨울(러닝)") -> 4125184
D53: BOTTOM | E53: SK | F53: 스커트 | G53: =SUMIF('주간판매-26FW(CO)'!$I:$I,종합!$F53,'주간판매-26FW(CO)'!$P:$P) -> 17 | H53: =COUNTIF('주간판매-26FW(CO)'!$I:$I,종합!$F53) -> 39 | I53: =SUMIFS('주간판매-26FW(CO)'!$R$4:$R$5000,'주간판매-26FW(CO)'!$I$4:$I$5000,종합!$F53) -> 21103 | J53: =SUMIFS('주간판매-26FW(CO)'!$P$4:$P$5000,'주간판매-26FW(CO)'!$I$4:$I$5000,종합!$F53,'주간판매-26FW(CO)'!$V$4:$V$5000,">0") -> 7 | K53: =COUNTIFS('주간판매-26FW(CO)'!$I$4:$I$5000,종합!$F53,'주간판매-26FW(CO)'!$V$4:$V$5000,">0") -> 17 | L53: =SUMIFS('주간판매-26FW(CO)'!$V$4:$V$5000,'주간판매-26FW(CO)'!$I$4:$I$5000,종합!$F53) -> 7732 | M53: =IFERROR(L53/I53,"") -> 0.3663934 | N53: =SUMIFS('생판재-26FW(ST)'!$AI$4:$AI$5000,'생판재-26FW(ST)'!$H$4:$H$5000,종합!$F53) -> 302645000 | O53: =SUMIFS('생판재-26FW(ST)'!$AR$4:$AR$5000,'생판재-26FW(ST)'!$H$4:$H$5000,종합!$F53) -> 129337300 | P53: =O53/O$66 -> 0.05872533 | Q53: =SUMIFS('생판재-26FW(ST)'!$AQ$4:$AQ$5000,'생판재-26FW(ST)'!$H$4:$H$5000,종합!$F53) -> 509038000 | R53: =Q53/Q$66 -> 0.055068284 | S53: =IFERROR(Q53/O53/1.1,"") -> 3.5779456 | T53: =SUMIFS('생판재-26FW(ST)'!$BG$4:$BG$5000,'생판재-26FW(ST)'!$H$4:$H$5000,종합!$F53) -> 526 | U53: =IFERROR(T53/L53,"") -> 0.068028971 | V53: =SUMIFS('생판재-26FW(ST)'!$BH$4:$BH$5000,'생판재-26FW(ST)'!$H$4:$H$5000,종합!$F53) -> 34254000 | W53: =SUMIFS('생판재-26FW(ST)'!$BI$4:$BI$5000,'생판재-26FW(ST)'!$H$4:$H$5000,종합!$F53) -> 25140780 | X53: =SUMIFS('생판재-26FW(ST)'!$BJ$4:$BJ$5000,'생판재-26FW(ST)'!$H$4:$H$5000,종합!$F53) -> 8175000 | Y53: =IFERROR(1-(W53/V53),"") -> 0.26604834 | Z53: =SUMIFS('생판재-26FW(ST)'!$BC$4:$BC$5000,'생판재-26FW(ST)'!$H$4:$H$5000,종합!$F53) -> 343 | AA53: =SUMIFS('생판재-26FW(ST)'!$BE$4:$BE$5000,'생판재-26FW(ST)'!$H$4:$H$5000,종합!$F53) -> 15742499 | AD53: BOTTOM | AE53: SK | AF53: 스커트 | AG53: =AG96+AG137 -> 16 | AH53: =AH96+AH137 -> 0 | AI53: =AI96+AI137 -> 25640 | AJ53: =AJ96+AJ137 -> 6 | AK53: =AK96+AK137 -> 0 | AL53: =AL96+AL137 -> 10031 | AM53: =IFERROR(AL53/AI53,"") -> 0.39122465 | AN53: =AN96+AN137 -> 430701500 | AO53: =AO96+AO137 -> 179504400 | AP53: =AO53/AO$109 -> 0.082636786 | AQ53: =AQ96+AQ137 -> 795360000 | AR53: =AQ53/AQ$109 -> 0.084915299 | AS53: =IFERROR(AQ53/AO53/1.1,"") -> 4.0280603 | AT53: =AT96+AT137 -> 746 | AU53: =IFERROR(AT53/AL53,"") -> 0.074369455 | AV53: =AV96+AV137 -> 55887000 | AW53: =AW96+AW137 -> 35069837 | AX53: =AX96+AX137 -> 12920400 | AY53: =IFERROR(1-(AW53/AV53),"") -> 0.37248668 | AZ53: =AZ96+AZ137 -> 305 | BA53: =BA96+BA137 -> 14468024 | BE53: BOTTOM | BF53: SK | BG53: 스커트 | BH53: =SUMIFS('주간판매-러닝(CO)'!$P$4:$P$5000,'주간판매-러닝(CO)'!$I$4:$I$5000,종합!$BG53) -> 1 | BI53: =COUNTIFS('주간판매-러닝(CO)'!$I$4:$I$5000,종합!$BG53,'주간판매-러닝(CO)'!$E$4:$E$5000,"가을(러닝)")+ COUNTIFS('주간판매-러닝(CO)'!$I$4:$I$5000,종합!$BG53,'주간판매-러닝(CO)'!$E$4:$E$5000,"겨울(러닝)") -> 2 | BJ53: =SUMIFS('주간판매-러닝(CO)'!$R$4:$R$5000,'주간판매-러닝(CO)'!$I$4:$I$5000,종합!$F53,'주간판매-러닝(CO)'!$E$4:$E$5000,"가을(러닝)")+ SUMIFS('주간판매-러닝(CO)'!$R$4:$R$5000,'주간판매-러닝(CO)'!$I$4:$I$5000,종합!$F53,'주간판매-러닝(CO)'!$E$4:$E$5000,"겨울(러닝)") -> 2000 | BK53: =COUNTIFS('주간판매-러닝(CO)'!$P$4:$P$5000,"A",'주간판매-러닝(CO)'!$I$4:$I$5000,종합!$F53,'주간판매-러닝(CO)'!$V$4:$V$5000,">0",'주간판매-러닝(CO)'!$E$4:$E$5000,"가을(러닝)")+ COUNTIFS('주간판매-러닝(CO)'!$P$4:$P$5000,"A",'주간판매-러닝(CO)'!$I$4:$I$5000,종합!$F53,'주간판매-러닝(CO)'!$V$4:$V$5000,">0",'주간판매-러닝(CO)'!$E$4:$E$5000,"겨울(러닝)") -> 0 | BL53: =COUNTIFS('주간판매-러닝(CO)'!$I$4:$I$5000,종합!$F53,'주간판매-러닝(CO)'!$V$4:$V$5000,">0",'주간판매-러닝(CO)'!$E$4:$E$5000,"가을(러닝)")+ COUNTIFS('주간판매-러닝(CO)'!$I$4:$I$5000,종합!$F53,'주간판매-러닝(CO)'!$V$4:$V$5000,">0",'주간판매-러닝(CO)'!$E$4:$E$5000,"겨울(러닝)") -> 0 | BM53: =SUMIFS('주간판매-러닝(CO)'!$V$4:$V$5000,'주간판매-러닝(CO)'!$I$4:$I$5000,종합!$F53,'주간판매-러닝(CO)'!$E$4:$E$5000,"가을(러닝)")+ SUMIFS('주간판매-러닝(CO)'!$V$4:$V$5000,'주간판매-러닝(CO)'!$I$4:$I$5000,종합!$F53,'주간판매-러닝(CO)'!$E$4:$E$5000,"겨울(러닝)") -> 0 | BN53: =IFERROR(BM53/BJ53,"") -> 0 | BO53: =SUMIFS('생판재-러닝(ST)'!$AI$4:$AI$5000,'생판재-러닝(ST)'!$H$4:$H$5000,종합!$F53,'생판재-러닝(ST)'!$D$4:$D$5000,"가을(러닝)")+ SUMIFS('생판재-러닝(ST)'!$AI$4:$AI$5000,'생판재-러닝(ST)'!$H$4:$H$5000,종합!$F53,'생판재-러닝(ST)'!$D$4:$D$5000,"겨울(러닝)") -> 32540000 | BP53: =SUMIFS('생판재-러닝(ST)'!$AR$4:$AR$5000,'생판재-러닝(ST)'!$H$4:$H$5000,종합!$F53,'생판재-러닝(ST)'!$D$4:$D$5000,"가을(러닝)")+ SUMIFS('생판재-러닝(ST)'!$AR$4:$AR$5000,'생판재-러닝(ST)'!$H$4:$H$5000,종합!$F53,'생판재-러닝(ST)'!$D$4:$D$5000,"겨울(러닝)") -> 0 | BQ53: =BP53/BP$66 -> 0 | BR53: =SUMIFS('생판재-러닝(ST)'!$AQ$4:$AQ$5000,'생판재-러닝(ST)'!$H$4:$H$5000,종합!$F53,'생판재-러닝(ST)'!$D$4:$D$5000,"가을(러닝)")+ SUMIFS('생판재-러닝(ST)'!$AQ$4:$AQ$5000,'생판재-러닝(ST)'!$H$4:$H$5000,종합!$F53,'생판재-러닝(ST)'!$D$4:$D$5000,"겨울(러닝)") -> 0 | BS53: =BR53/BR$66 -> 0 | BT53: =IFERROR(BR53/BP53/1.1,"") | BU53: =SUMIFS('생판재-러닝(ST)'!$BG$4:$BG$5000,'생판재-러닝(ST)'!$H$4:$H$5000,종합!$F53,'생판재-러닝(ST)'!$D$4:$D$5000,"가을(러닝)")+ SUMIFS('생판재-러닝(ST)'!$BG$4:$BG$5000,'생판재-러닝(ST)'!$H$4:$H$5000,종합!$F53,'생판재-러닝(ST)'!$D$4:$D$5000,"겨울(러닝)") -> 0 | BV53: =IFERROR(BU53/BM53,"") | BW53: =SUMIFS('생판재-러닝(ST)'!$BH$4:$BH$5000,'생판재-러닝(ST)'!$H$4:$H$5000,종합!$F53,'생판재-러닝(ST)'!$D$4:$D$5000,"가을(러닝)")+ SUMIFS('생판재-러닝(ST)'!$BH$4:$BH$5000,'생판재-러닝(ST)'!$H$4:$H$5000,종합!$F53,'생판재-러닝(ST)'!$D$4:$D$5000,"겨울(러닝)") -> 0 | BX53: =SUMIFS('생판재-러닝(ST)'!$BI$4:$BI$5000,'생판재-러닝(ST)'!$H$4:$H$5000,종합!$F53,'생판재-러닝(ST)'!$D$4:$D$5000,"가을(러닝)")+ SUMIFS('생판재-러닝(ST)'!$BI$4:$BI$5000,'생판재-러닝(ST)'!$H$4:$H$5000,종합!$F53,'생판재-러닝(ST)'!$D$4:$D$5000,"겨울(러닝)") -> 0 | BY53: =SUMIFS('생판재-러닝(ST)'!$BJ$4:$BJ$5000,'생판재-러닝(ST)'!$H$4:$H$5000,종합!$F53,'생판재-러닝(ST)'!$D$4:$D$5000,"가을(러닝)")+ SUMIFS('생판재-러닝(ST)'!$BJ$4:$BJ$5000,'생판재-러닝(ST)'!$H$4:$H$5000,종합!$F53,'생판재-러닝(ST)'!$D$4:$D$5000,"겨울(러닝)") -> 0 | BZ53: =IFERROR(1-(BX53/BW53),"") | CA53: =SUMIFS('생판재-러닝(ST)'!$BC$4:$BC$5000,'생판재-러닝(ST)'!$H$4:$H$5000,종합!$F53,'생판재-러닝(ST)'!$D$4:$D$5000,"가을(러닝)")+ SUMIFS('생판재-러닝(ST)'!$BC$4:$BC$5000,'생판재-러닝(ST)'!$H$4:$H$5000,종합!$F53,'생판재-러닝(ST)'!$D$4:$D$5000,"겨울(러닝)") -> 0 | CB53: =SUMIFS('생판재-러닝(ST)'!$BE$4:$BE$5000,'생판재-러닝(ST)'!$H$4:$H$5000,종합!$F53,'생판재-러닝(ST)'!$D$4:$D$5000,"가을(러닝)")+ SUMIFS('생판재-러닝(ST)'!$BE$4:$BE$5000,'생판재-러닝(ST)'!$H$4:$H$5000,종합!$F53,'생판재-러닝(ST)'!$D$4:$D$5000,"겨울(러닝)") -> 0 | CE53: BOTTOM | CF53: SK | CG53: 스커트 | CH53: =COUNTIFS('시점재고(~26.07.31, 생판재)'!$H$4:$H$5000,종합!$CG53) -> 1 | CJ53: =SUMIFS('시점재고(~26.07.31, 생판재)'!$BM$4:$BM$5000,'시점재고(~26.07.31, 생판재)'!$H$4:$H$5000,종합!$CG53) -> 944 | CK53: =SUMIFS('생판재-러닝(ST)'!$BG$4:$BG$5000,'생판재-러닝(ST)'!$H$4:$H$5000,종합!$CG53,'생판재-러닝(ST)'!$D$4:$D$5000,"<>가을(러닝)",'생판재-러닝(ST)'!$D$4:$D$5000,"<>겨울(러닝)")-( SUMIFS('시점재고(~26.07.31, 생판재)'!$BG$4:$BG$5000,'시점재고(~26.07.31, 생판재)'!$H$4:$H$5000,종합!CG53)) -> 164 | CL53: =IFERROR(CK53/#REF!,"") | CM53: =SUMIFS('생판재-러닝(ST)'!$BH$4:$BH$5000,'생판재-러닝(ST)'!$H$4:$H$5000,종합!$F53,'생판재-러닝(ST)'!$D$4:$D$5000,"<>가을(러닝)",'생판재-러닝(ST)'!$D$4:$D$5000,"<>겨울(러닝)")-( SUMIFS('시점재고(~26.07.31, 생판재)'!$BH$4:$BH$5000,'시점재고(~26.07.31, 생판재)'!$H$4:$H$5000,종합!$F53)) -> 9348000 | CN53: =SUMIFS('생판재-러닝(ST)'!$BI$4:$BI$5000,'생판재-러닝(ST)'!$H$4:$H$5000,종합!$F53,'생판재-러닝(ST)'!$D$4:$D$5000,"<>가을(러닝)",'생판재-러닝(ST)'!$D$4:$D$5000,"<>겨울(러닝)")-( SUMIFS('시점재고(~26.07.31, 생판재)'!$BI$4:$BI$5000,'시점재고(~26.07.31, 생판재)'!$H$4:$H$5000,종합!$F53)) -> 7736720 | CO53: =SUMIFS('생판재-러닝(ST)'!$BJ$4:$BJ$5000,'생판재-러닝(ST)'!$H$4:$H$5000,종합!$F53,'생판재-러닝(ST)'!$D$4:$D$5000,"<>가을(러닝)",'생판재-러닝(ST)'!$D$4:$D$5000,"<>겨울(러닝)")-( SUMIFS('시점재고(~26.07.31, 생판재)'!$BJ$4:$BJ$5000,'시점재고(~26.07.31, 생판재)'!$H$4:$H$5000,종합!$F53)) -> 2492800 | CP53: =IFERROR(1-(CN53/CM53),"") -> 0.17236628 | CQ53: =SUMIFS('생판재-러닝(ST)'!$BC$4:$BC$5000,'생판재-러닝(ST)'!$H$4:$H$5000,종합!$F53,'생판재-러닝(ST)'!$D$4:$D$5000,"<>가을(러닝)",'생판재-러닝(ST)'!$D$4:$D$5000,"<>겨울(러닝)") -> 30 | CR53: =SUMIFS('생판재-러닝(ST)'!$BE$4:$BE$5000,'생판재-러닝(ST)'!$H$4:$H$5000,종합!$F53,'생판재-러닝(ST)'!$D$4:$D$5000,"<>가을(러닝)",'생판재-러닝(ST)'!$D$4:$D$5000,"<>겨울(러닝)") -> 1367450
G54: =SUMIF('주간판매-26FW(CO)'!$I:$I,종합!$F54,'주간판매-26FW(CO)'!$P:$P) -> 0 | H54: =COUNTIF('주간판매-26FW(CO)'!$I:$I,종합!$F54) -> 0 | I54: =SUMIFS('주간판매-26FW(CO)'!$R$4:$R$5000,'주간판매-26FW(CO)'!$I$4:$I$5000,종합!$F54) -> 0 | J54: =SUMIFS('주간판매-26FW(CO)'!$P$4:$P$5000,'주간판매-26FW(CO)'!$I$4:$I$5000,종합!$F54,'주간판매-26FW(CO)'!$V$4:$V$5000,">0") -> 0 | K54: =COUNTIFS('주간판매-26FW(CO)'!$I$4:$I$5000,종합!$F54,'주간판매-26FW(CO)'!$V$4:$V$5000,">0") -> 0 | L54: =SUMIFS('주간판매-26FW(CO)'!$V$4:$V$5000,'주간판매-26FW(CO)'!$I$4:$I$5000,종합!$F54) -> 0 | M54: =IFERROR(L54/I54,"") | N54: =SUMIFS('생판재-26FW(ST)'!$AI$4:$AI$5000,'생판재-26FW(ST)'!$H$4:$H$5000,종합!$F54) -> 0 | O54: =SUMIFS('생판재-26FW(ST)'!$AR$4:$AR$5000,'생판재-26FW(ST)'!$H$4:$H$5000,종합!$F54) -> 0 | P54: =O54/O$66 -> 0 | Q54: =SUMIFS('생판재-26FW(ST)'!$AQ$4:$AQ$5000,'생판재-26FW(ST)'!$H$4:$H$5000,종합!$F54) -> 0 | R54: =Q54/Q$66 -> 0 | S54: =IFERROR(Q54/O54/1.1,"") | T54: =SUMIFS('생판재-26FW(ST)'!$BG$4:$BG$5000,'생판재-26FW(ST)'!$H$4:$H$5000,종합!$F54) -> 0 | U54: =IFERROR(T54/L54,"") | V54: =SUMIFS('생판재-26FW(ST)'!$BH$4:$BH$5000,'생판재-26FW(ST)'!$H$4:$H$5000,종합!$F54) -> 0 | W54: =SUMIFS('생판재-26FW(ST)'!$BI$4:$BI$5000,'생판재-26FW(ST)'!$H$4:$H$5000,종합!$F54) -> 0 | X54: =SUMIFS('생판재-26FW(ST)'!$BJ$4:$BJ$5000,'생판재-26FW(ST)'!$H$4:$H$5000,종합!$F54) -> 0 | Y54: =IFERROR(1-(W54/V54),"") | Z54: =SUMIFS('생판재-26FW(ST)'!$BC$4:$BC$5000,'생판재-26FW(ST)'!$H$4:$H$5000,종합!$F54) -> 0 | AA54: =SUMIFS('생판재-26FW(ST)'!$BE$4:$BE$5000,'생판재-26FW(ST)'!$H$4:$H$5000,종합!$F54) -> 0 | AF54: 저지셋업하의 | AG54: =AG97+AG138 -> 3 | AH54: =AH97+AH138 -> 0 | AI54: =AI97+AI138 -> 4125 | AJ54: =AJ97+AJ138 -> 1 | AK54: =AK97+AK138 -> 0 | AL54: =AL97+AL138 -> 1120 | AM54: =IFERROR(AL54/AI54,"") -> 0.27151515 | AN54: =AN97+AN138 -> 67350000 | AO54: =AO97+AO138 -> 22400000 | AP54: =AO54/AO$109 -> 0.010312082 | AQ54: =AQ97+AQ138 -> 84000000 | AR54: =AQ54/AQ$109 -> 0.0089681215 | AS54: =IFERROR(AQ54/AO54/1.1,"") -> 3.4090909 | AT54: =AT97+AT138 -> 67 | AU54: =IFERROR(AT54/AL54,"") -> 0.059821429 | AV54: =AV97+AV138 -> 5025000 | AW54: =AW97+AW138 -> 946192 | AX54: =AX97+AX138 -> 1340000 | AY54: =IFERROR(1-(AW54/AV54),"") -> 0.81170308 | AZ54: =AZ97+AZ138 -> 52 | BA54: =BA97+BA138 -> 622331 | BH54: =SUMIFS('주간판매-러닝(CO)'!$P$4:$P$5000,'주간판매-러닝(CO)'!$I$4:$I$5000,종합!$BG54) -> 0 | BI54: =COUNTIFS('주간판매-러닝(CO)'!$I$4:$I$5000,종합!$BG54,'주간판매-러닝(CO)'!$E$4:$E$5000,"가을(러닝)")+ COUNTIFS('주간판매-러닝(CO)'!$I$4:$I$5000,종합!$BG54,'주간판매-러닝(CO)'!$E$4:$E$5000,"겨울(러닝)") -> 0 | BJ54: =SUMIFS('주간판매-러닝(CO)'!$R$4:$R$5000,'주간판매-러닝(CO)'!$I$4:$I$5000,종합!$F54,'주간판매-러닝(CO)'!$E$4:$E$5000,"가을(러닝)")+ SUMIFS('주간판매-러닝(CO)'!$R$4:$R$5000,'주간판매-러닝(CO)'!$I$4:$I$5000,종합!$F54,'주간판매-러닝(CO)'!$E$4:$E$5000,"겨울(러닝)") -> 0 | BK54: =COUNTIFS('주간판매-러닝(CO)'!$P$4:$P$5000,"A",'주간판매-러닝(CO)'!$I$4:$I$5000,종합!$F54,'주간판매-러닝(CO)'!$V$4:$V$5000,">0",'주간판매-러닝(CO)'!$E$4:$E$5000,"가을(러닝)")+ COUNTIFS('주간판매-러닝(CO)'!$P$4:$P$5000,"A",'주간판매-러닝(CO)'!$I$4:$I$5000,종합!$F54,'주간판매-러닝(CO)'!$V$4:$V$5000,">0",'주간판매-러닝(CO)'!$E$4:$E$5000,"겨울(러닝)") -> 0 | BL54: =COUNTIFS('주간판매-러닝(CO)'!$I$4:$I$5000,종합!$F54,'주간판매-러닝(CO)'!$V$4:$V$5000,">0",'주간판매-러닝(CO)'!$E$4:$E$5000,"가을(러닝)")+ COUNTIFS('주간판매-러닝(CO)'!$I$4:$I$5000,종합!$F54,'주간판매-러닝(CO)'!$V$4:$V$5000,">0",'주간판매-러닝(CO)'!$E$4:$E$5000,"겨울(러닝)") -> 0 | BM54: =SUMIFS('주간판매-러닝(CO)'!$V$4:$V$5000,'주간판매-러닝(CO)'!$I$4:$I$5000,종합!$F54,'주간판매-러닝(CO)'!$E$4:$E$5000,"가을(러닝)")+ SUMIFS('주간판매-러닝(CO)'!$V$4:$V$5000,'주간판매-러닝(CO)'!$I$4:$I$5000,종합!$F54,'주간판매-러닝(CO)'!$E$4:$E$5000,"겨울(러닝)") -> 0 | BN54: =IFERROR(BM54/BJ54,"") | BO54: =SUMIFS('생판재-러닝(ST)'!$AI$4:$AI$5000,'생판재-러닝(ST)'!$H$4:$H$5000,종합!$F54,'생판재-러닝(ST)'!$D$4:$D$5000,"가을(러닝)")+ SUMIFS('생판재-러닝(ST)'!$AI$4:$AI$5000,'생판재-러닝(ST)'!$H$4:$H$5000,종합!$F54,'생판재-러닝(ST)'!$D$4:$D$5000,"겨울(러닝)") -> 0 | BP54: =SUMIFS('생판재-러닝(ST)'!$AR$4:$AR$5000,'생판재-러닝(ST)'!$H$4:$H$5000,종합!$F54,'생판재-러닝(ST)'!$D$4:$D$5000,"가을(러닝)")+ SUMIFS('생판재-러닝(ST)'!$AR$4:$AR$5000,'생판재-러닝(ST)'!$H$4:$H$5000,종합!$F54,'생판재-러닝(ST)'!$D$4:$D$5000,"겨울(러닝)") -> 0 | BQ54: =BP54/BP$66 -> 0 | BR54: =SUMIFS('생판재-러닝(ST)'!$AQ$4:$AQ$5000,'생판재-러닝(ST)'!$H$4:$H$5000,종합!$F54,'생판재-러닝(ST)'!$D$4:$D$5000,"가을(러닝)")+ SUMIFS('생판재-러닝(ST)'!$AQ$4:$AQ$5000,'생판재-러닝(ST)'!$H$4:$H$5000,종합!$F54,'생판재-러닝(ST)'!$D$4:$D$5000,"겨울(러닝)") -> 0 | BS54: =BR54/BR$66 -> 0 | BT54: =IFERROR(BR54/BP54/1.1,"") | BU54: =SUMIFS('생판재-러닝(ST)'!$BG$4:$BG$5000,'생판재-러닝(ST)'!$H$4:$H$5000,종합!$F54,'생판재-러닝(ST)'!$D$4:$D$5000,"가을(러닝)")+ SUMIFS('생판재-러닝(ST)'!$BG$4:$BG$5000,'생판재-러닝(ST)'!$H$4:$H$5000,종합!$F54,'생판재-러닝(ST)'!$D$4:$D$5000,"겨울(러닝)") -> 0 | BV54: =IFERROR(BU54/BM54,"") | BW54: =SUMIFS('생판재-러닝(ST)'!$BH$4:$BH$5000,'생판재-러닝(ST)'!$H$4:$H$5000,종합!$F54,'생판재-러닝(ST)'!$D$4:$D$5000,"가을(러닝)")+ SUMIFS('생판재-러닝(ST)'!$BH$4:$BH$5000,'생판재-러닝(ST)'!$H$4:$H$5000,종합!$F54,'생판재-러닝(ST)'!$D$4:$D$5000,"겨울(러닝)") -> 0 | BX54: =SUMIFS('생판재-러닝(ST)'!$BI$4:$BI$5000,'생판재-러닝(ST)'!$H$4:$H$5000,종합!$F54,'생판재-러닝(ST)'!$D$4:$D$5000,"가을(러닝)")+ SUMIFS('생판재-러닝(ST)'!$BI$4:$BI$5000,'생판재-러닝(ST)'!$H$4:$H$5000,종합!$F54,'생판재-러닝(ST)'!$D$4:$D$5000,"겨울(러닝)") -> 0 | BY54: =SUMIFS('생판재-러닝(ST)'!$BJ$4:$BJ$5000,'생판재-러닝(ST)'!$H$4:$H$5000,종합!$F54,'생판재-러닝(ST)'!$D$4:$D$5000,"가을(러닝)")+ SUMIFS('생판재-러닝(ST)'!$BJ$4:$BJ$5000,'생판재-러닝(ST)'!$H$4:$H$5000,종합!$F54,'생판재-러닝(ST)'!$D$4:$D$5000,"겨울(러닝)") -> 0 | BZ54: =IFERROR(1-(BX54/BW54),"") | CA54: =SUMIFS('생판재-러닝(ST)'!$BC$4:$BC$5000,'생판재-러닝(ST)'!$H$4:$H$5000,종합!$F54,'생판재-러닝(ST)'!$D$4:$D$5000,"가을(러닝)")+ SUMIFS('생판재-러닝(ST)'!$BC$4:$BC$5000,'생판재-러닝(ST)'!$H$4:$H$5000,종합!$F54,'생판재-러닝(ST)'!$D$4:$D$5000,"겨울(러닝)") -> 0 | CB54: =SUMIFS('생판재-러닝(ST)'!$BE$4:$BE$5000,'생판재-러닝(ST)'!$H$4:$H$5000,종합!$F54,'생판재-러닝(ST)'!$D$4:$D$5000,"가을(러닝)")+ SUMIFS('생판재-러닝(ST)'!$BE$4:$BE$5000,'생판재-러닝(ST)'!$H$4:$H$5000,종합!$F54,'생판재-러닝(ST)'!$D$4:$D$5000,"겨울(러닝)") -> 0 | CH54: =COUNTIFS('시점재고(~26.07.31, 생판재)'!$H$4:$H$5000,종합!$CG54) -> 0 | CJ54: =SUMIFS('시점재고(~26.07.31, 생판재)'!$BM$4:$BM$5000,'시점재고(~26.07.31, 생판재)'!$H$4:$H$5000,종합!$CG54) -> 0 | CK54: =SUMIFS('생판재-러닝(ST)'!$BG$4:$BG$5000,'생판재-러닝(ST)'!$H$4:$H$5000,종합!$CG54,'생판재-러닝(ST)'!$D$4:$D$5000,"<>가을(러닝)",'생판재-러닝(ST)'!$D$4:$D$5000,"<>겨울(러닝)")-( SUMIFS('시점재고(~26.07.31, 생판재)'!$BG$4:$BG$5000,'시점재고(~26.07.31, 생판재)'!$H$4:$H$5000,종합!CG54)) -> 0 | CL54: =IFERROR(CK54/#REF!,"") | CM54: =SUMIFS('생판재-러닝(ST)'!$BH$4:$BH$5000,'생판재-러닝(ST)'!$H$4:$H$5000,종합!$F54,'생판재-러닝(ST)'!$D$4:$D$5000,"<>가을(러닝)",'생판재-러닝(ST)'!$D$4:$D$5000,"<>겨울(러닝)")-( SUMIFS('시점재고(~26.07.31, 생판재)'!$BH$4:$BH$5000,'시점재고(~26.07.31, 생판재)'!$H$4:$H$5000,종합!$F54)) -> 0 | CN54: =SUMIFS('생판재-러닝(ST)'!$BI$4:$BI$5000,'생판재-러닝(ST)'!$H$4:$H$5000,종합!$F54,'생판재-러닝(ST)'!$D$4:$D$5000,"<>가을(러닝)",'생판재-러닝(ST)'!$D$4:$D$5000,"<>겨울(러닝)")-( SUMIFS('시점재고(~26.07.31, 생판재)'!$BI$4:$BI$5000,'시점재고(~26.07.31, 생판재)'!$H$4:$H$5000,종합!$F54)) -> 0 | CO54: =SUMIFS('생판재-러닝(ST)'!$BJ$4:$BJ$5000,'생판재-러닝(ST)'!$H$4:$H$5000,종합!$F54,'생판재-러닝(ST)'!$D$4:$D$5000,"<>가을(러닝)",'생판재-러닝(ST)'!$D$4:$D$5000,"<>겨울(러닝)")-( SUMIFS('시점재고(~26.07.31, 생판재)'!$BJ$4:$BJ$5000,'시점재고(~26.07.31, 생판재)'!$H$4:$H$5000,종합!$F54)) -> 0 | CP54: =IFERROR(1-(CN54/CM54),"") | CQ54: =SUMIFS('생판재-러닝(ST)'!$BC$4:$BC$5000,'생판재-러닝(ST)'!$H$4:$H$5000,종합!$F54,'생판재-러닝(ST)'!$D$4:$D$5000,"<>가을(러닝)",'생판재-러닝(ST)'!$D$4:$D$5000,"<>겨울(러닝)") -> 0 | CR54: =SUMIFS('생판재-러닝(ST)'!$BE$4:$BE$5000,'생판재-러닝(ST)'!$H$4:$H$5000,종합!$F54,'생판재-러닝(ST)'!$D$4:$D$5000,"<>가을(러닝)",'생판재-러닝(ST)'!$D$4:$D$5000,"<>겨울(러닝)") -> 0
D55: BOTTOM | G55: =SUMIF('주간판매-26FW(CO)'!$I:$I,종합!$F55,'주간판매-26FW(CO)'!$P:$P) -> 0 | H55: =COUNTIF('주간판매-26FW(CO)'!$I:$I,종합!$F55) -> 0 | I55: =SUMIFS('주간판매-26FW(CO)'!$R$4:$R$5000,'주간판매-26FW(CO)'!$I$4:$I$5000,종합!$F55) -> 0 | J55: =SUMIFS('주간판매-26FW(CO)'!$P$4:$P$5000,'주간판매-26FW(CO)'!$I$4:$I$5000,종합!$F55,'주간판매-26FW(CO)'!$V$4:$V$5000,">0") -> 0 | K55: =COUNTIFS('주간판매-26FW(CO)'!$I$4:$I$5000,종합!$F55,'주간판매-26FW(CO)'!$V$4:$V$5000,">0") -> 0 | L55: =SUMIFS('주간판매-26FW(CO)'!$V$4:$V$5000,'주간판매-26FW(CO)'!$I$4:$I$5000,종합!$F55) -> 0 | M55: =IFERROR(L55/I55,"") | N55: =SUMIFS('생판재-26FW(ST)'!$AI$4:$AI$5000,'생판재-26FW(ST)'!$H$4:$H$5000,종합!$F55) -> 0 | O55: =SUMIFS('생판재-26FW(ST)'!$AR$4:$AR$5000,'생판재-26FW(ST)'!$H$4:$H$5000,종합!$F55) -> 0 | P55: =O55/O$66 -> 0 | Q55: =SUMIFS('생판재-26FW(ST)'!$AQ$4:$AQ$5000,'생판재-26FW(ST)'!$H$4:$H$5000,종합!$F55) -> 0 | R55: =Q55/Q$66 -> 0 | S55: =IFERROR(Q55/O55/1.1,"") | T55: =SUMIFS('생판재-26FW(ST)'!$BG$4:$BG$5000,'생판재-26FW(ST)'!$H$4:$H$5000,종합!$F55) -> 0 | U55: =IFERROR(T55/L55,"") | V55: =SUMIFS('생판재-26FW(ST)'!$BH$4:$BH$5000,'생판재-26FW(ST)'!$H$4:$H$5000,종합!$F55) -> 0 | W55: =SUMIFS('생판재-26FW(ST)'!$BI$4:$BI$5000,'생판재-26FW(ST)'!$H$4:$H$5000,종합!$F55) -> 0 | X55: =SUMIFS('생판재-26FW(ST)'!$BJ$4:$BJ$5000,'생판재-26FW(ST)'!$H$4:$H$5000,종합!$F55) -> 0 | Y55: =IFERROR(1-(W55/V55),"") | Z55: =SUMIFS('생판재-26FW(ST)'!$BC$4:$BC$5000,'생판재-26FW(ST)'!$H$4:$H$5000,종합!$F55) -> 0 | AA55: =SUMIFS('생판재-26FW(ST)'!$BE$4:$BE$5000,'생판재-26FW(ST)'!$H$4:$H$5000,종합!$F55) -> 0 | AD55: BOTTOM | AF55: 우븐셋업하의 | AG55: =AG98+AG139 -> 4 | AH55: =AH98+AH139 -> 0 | AI55: =AI98+AI139 -> 4440 | AJ55: =AJ98+AJ139 -> 1 | AK55: =AK98+AK139 -> 0 | AL55: =AL98+AL139 -> 1728 | AM55: =IFERROR(AL55/AI55,"") -> 0.38918919 | AN55: =AN98+AN139 -> 84770000 | AO55: =AO98+AO139 -> 31968000 | AP55: =AO55/AO$109 -> 0.014716813 | AQ55: =AQ98+AQ139 -> 133056000 | AR55: =AQ55/AQ$109 -> 0.014205505 | AS55: =IFERROR(AQ55/AO55/1.1,"") -> 3.7837838 | AT55: =AT98+AT139 -> 156 | AU55: =IFERROR(AT55/AL55,"") -> 0.090277778 | AV55: =AV98+AV139 -> 12012000 | AW55: =AW98+AW139 -> 6637300 | AX55: =AX98+AX139 -> 2886000 | AY55: =IFERROR(1-(AW55/AV55),"") -> 0.44744422 | AZ55: =AZ98+AZ139 -> 91 | BA55: =BA98+BA139 -> 4398691 | BE55: BOTTOM | BH55: =SUMIFS('주간판매-러닝(CO)'!$P$4:$P$5000,'주간판매-러닝(CO)'!$I$4:$I$5000,종합!$BG55) -> 0 | BI55: =COUNTIFS('주간판매-러닝(CO)'!$I$4:$I$5000,종합!$BG55,'주간판매-러닝(CO)'!$E$4:$E$5000,"가을(러닝)")+ COUNTIFS('주간판매-러닝(CO)'!$I$4:$I$5000,종합!$BG55,'주간판매-러닝(CO)'!$E$4:$E$5000,"겨울(러닝)") -> 0 | BJ55: =SUMIFS('주간판매-러닝(CO)'!$R$4:$R$5000,'주간판매-러닝(CO)'!$I$4:$I$5000,종합!$F55,'주간판매-러닝(CO)'!$E$4:$E$5000,"가을(러닝)")+ SUMIFS('주간판매-러닝(CO)'!$R$4:$R$5000,'주간판매-러닝(CO)'!$I$4:$I$5000,종합!$F55,'주간판매-러닝(CO)'!$E$4:$E$5000,"겨울(러닝)") -> 0 | BK55: =COUNTIFS('주간판매-러닝(CO)'!$P$4:$P$5000,"A",'주간판매-러닝(CO)'!$I$4:$I$5000,종합!$F55,'주간판매-러닝(CO)'!$V$4:$V$5000,">0",'주간판매-러닝(CO)'!$E$4:$E$5000,"가을(러닝)")+ COUNTIFS('주간판매-러닝(CO)'!$P$4:$P$5000,"A",'주간판매-러닝(CO)'!$I$4:$I$5000,종합!$F55,'주간판매-러닝(CO)'!$V$4:$V$5000,">0",'주간판매-러닝(CO)'!$E$4:$E$5000,"겨울(러닝)") -> 0 | BL55: =COUNTIFS('주간판매-러닝(CO)'!$I$4:$I$5000,종합!$F55,'주간판매-러닝(CO)'!$V$4:$V$5000,">0",'주간판매-러닝(CO)'!$E$4:$E$5000,"가을(러닝)")+ COUNTIFS('주간판매-러닝(CO)'!$I$4:$I$5000,종합!$F55,'주간판매-러닝(CO)'!$V$4:$V$5000,">0",'주간판매-러닝(CO)'!$E$4:$E$5000,"겨울(러닝)") -> 0 | BM55: =SUMIFS('주간판매-러닝(CO)'!$V$4:$V$5000,'주간판매-러닝(CO)'!$I$4:$I$5000,종합!$F55,'주간판매-러닝(CO)'!$E$4:$E$5000,"가을(러닝)")+ SUMIFS('주간판매-러닝(CO)'!$V$4:$V$5000,'주간판매-러닝(CO)'!$I$4:$I$5000,종합!$F55,'주간판매-러닝(CO)'!$E$4:$E$5000,"겨울(러닝)") -> 0 | BN55: =IFERROR(BM55/BJ55,"") | BO55: =SUMIFS('생판재-러닝(ST)'!$AI$4:$AI$5000,'생판재-러닝(ST)'!$H$4:$H$5000,종합!$F55,'생판재-러닝(ST)'!$D$4:$D$5000,"가을(러닝)")+ SUMIFS('생판재-러닝(ST)'!$AI$4:$AI$5000,'생판재-러닝(ST)'!$H$4:$H$5000,종합!$F55,'생판재-러닝(ST)'!$D$4:$D$5000,"겨울(러닝)") -> 0 | BP55: =SUMIFS('생판재-러닝(ST)'!$AR$4:$AR$5000,'생판재-러닝(ST)'!$H$4:$H$5000,종합!$F55,'생판재-러닝(ST)'!$D$4:$D$5000,"가을(러닝)")+ SUMIFS('생판재-러닝(ST)'!$AR$4:$AR$5000,'생판재-러닝(ST)'!$H$4:$H$5000,종합!$F55,'생판재-러닝(ST)'!$D$4:$D$5000,"겨울(러닝)") -> 0 | BQ55: =BP55/BP$66 -> 0 | BR55: =SUMIFS('생판재-러닝(ST)'!$AQ$4:$AQ$5000,'생판재-러닝(ST)'!$H$4:$H$5000,종합!$F55,'생판재-러닝(ST)'!$D$4:$D$5000,"가을(러닝)")+ SUMIFS('생판재-러닝(ST)'!$AQ$4:$AQ$5000,'생판재-러닝(ST)'!$H$4:$H$5000,종합!$F55,'생판재-러닝(ST)'!$D$4:$D$5000,"겨울(러닝)") -> 0 | BS55: =BR55/BR$66 -> 0 | BT55: =IFERROR(BR55/BP55/1.1,"") | BU55: =SUMIFS('생판재-러닝(ST)'!$BG$4:$BG$5000,'생판재-러닝(ST)'!$H$4:$H$5000,종합!$F55,'생판재-러닝(ST)'!$D$4:$D$5000,"가을(러닝)")+ SUMIFS('생판재-러닝(ST)'!$BG$4:$BG$5000,'생판재-러닝(ST)'!$H$4:$H$5000,종합!$F55,'생판재-러닝(ST)'!$D$4:$D$5000,"겨울(러닝)") -> 0 | BV55: =IFERROR(BU55/BM55,"") | BW55: =SUMIFS('생판재-러닝(ST)'!$BH$4:$BH$5000,'생판재-러닝(ST)'!$H$4:$H$5000,종합!$F55,'생판재-러닝(ST)'!$D$4:$D$5000,"가을(러닝)")+ SUMIFS('생판재-러닝(ST)'!$BH$4:$BH$5000,'생판재-러닝(ST)'!$H$4:$H$5000,종합!$F55,'생판재-러닝(ST)'!$D$4:$D$5000,"겨울(러닝)") -> 0 | BX55: =SUMIFS('생판재-러닝(ST)'!$BI$4:$BI$5000,'생판재-러닝(ST)'!$H$4:$H$5000,종합!$F55,'생판재-러닝(ST)'!$D$4:$D$5000,"가을(러닝)")+ SUMIFS('생판재-러닝(ST)'!$BI$4:$BI$5000,'생판재-러닝(ST)'!$H$4:$H$5000,종합!$F55,'생판재-러닝(ST)'!$D$4:$D$5000,"겨울(러닝)") -> 0 | BY55: =SUMIFS('생판재-러닝(ST)'!$BJ$4:$BJ$5000,'생판재-러닝(ST)'!$H$4:$H$5000,종합!$F55,'생판재-러닝(ST)'!$D$4:$D$5000,"가을(러닝)")+ SUMIFS('생판재-러닝(ST)'!$BJ$4:$BJ$5000,'생판재-러닝(ST)'!$H$4:$H$5000,종합!$F55,'생판재-러닝(ST)'!$D$4:$D$5000,"겨울(러닝)") -> 0 | BZ55: =IFERROR(1-(BX55/BW55),"") | CA55: =SUMIFS('생판재-러닝(ST)'!$BC$4:$BC$5000,'생판재-러닝(ST)'!$H$4:$H$5000,종합!$F55,'생판재-러닝(ST)'!$D$4:$D$5000,"가을(러닝)")+ SUMIFS('생판재-러닝(ST)'!$BC$4:$BC$5000,'생판재-러닝(ST)'!$H$4:$H$5000,종합!$F55,'생판재-러닝(ST)'!$D$4:$D$5000,"겨울(러닝)") -> 0 | CB55: =SUMIFS('생판재-러닝(ST)'!$BE$4:$BE$5000,'생판재-러닝(ST)'!$H$4:$H$5000,종합!$F55,'생판재-러닝(ST)'!$D$4:$D$5000,"가을(러닝)")+ SUMIFS('생판재-러닝(ST)'!$BE$4:$BE$5000,'생판재-러닝(ST)'!$H$4:$H$5000,종합!$F55,'생판재-러닝(ST)'!$D$4:$D$5000,"겨울(러닝)") -> 0 | CE55: BOTTOM | CH55: =COUNTIFS('시점재고(~26.07.31, 생판재)'!$H$4:$H$5000,종합!$CG55) -> 0 | CJ55: =SUMIFS('시점재고(~26.07.31, 생판재)'!$BM$4:$BM$5000,'시점재고(~26.07.31, 생판재)'!$H$4:$H$5000,종합!$CG55) -> 0 | CK55: =SUMIFS('생판재-러닝(ST)'!$BG$4:$BG$5000,'생판재-러닝(ST)'!$H$4:$H$5000,종합!$CG55,'생판재-러닝(ST)'!$D$4:$D$5000,"<>가을(러닝)",'생판재-러닝(ST)'!$D$4:$D$5000,"<>겨울(러닝)")-( SUMIFS('시점재고(~26.07.31, 생판재)'!$BG$4:$BG$5000,'시점재고(~26.07.31, 생판재)'!$H$4:$H$5000,종합!CG55)) -> 0 | CL55: =IFERROR(CK55/#REF!,"") | CM55: =SUMIFS('생판재-러닝(ST)'!$BH$4:$BH$5000,'생판재-러닝(ST)'!$H$4:$H$5000,종합!$F55,'생판재-러닝(ST)'!$D$4:$D$5000,"<>가을(러닝)",'생판재-러닝(ST)'!$D$4:$D$5000,"<>겨울(러닝)")-( SUMIFS('시점재고(~26.07.31, 생판재)'!$BH$4:$BH$5000,'시점재고(~26.07.31, 생판재)'!$H$4:$H$5000,종합!$F55)) -> 0 | CN55: =SUMIFS('생판재-러닝(ST)'!$BI$4:$BI$5000,'생판재-러닝(ST)'!$H$4:$H$5000,종합!$F55,'생판재-러닝(ST)'!$D$4:$D$5000,"<>가을(러닝)",'생판재-러닝(ST)'!$D$4:$D$5000,"<>겨울(러닝)")-( SUMIFS('시점재고(~26.07.31, 생판재)'!$BI$4:$BI$5000,'시점재고(~26.07.31, 생판재)'!$H$4:$H$5000,종합!$F55)) -> 0 | CO55: =SUMIFS('생판재-러닝(ST)'!$BJ$4:$BJ$5000,'생판재-러닝(ST)'!$H$4:$H$5000,종합!$F55,'생판재-러닝(ST)'!$D$4:$D$5000,"<>가을(러닝)",'생판재-러닝(ST)'!$D$4:$D$5000,"<>겨울(러닝)")-( SUMIFS('시점재고(~26.07.31, 생판재)'!$BJ$4:$BJ$5000,'시점재고(~26.07.31, 생판재)'!$H$4:$H$5000,종합!$F55)) -> 0 | CP55: =IFERROR(1-(CN55/CM55),"") | CQ55: =SUMIFS('생판재-러닝(ST)'!$BC$4:$BC$5000,'생판재-러닝(ST)'!$H$4:$H$5000,종합!$F55,'생판재-러닝(ST)'!$D$4:$D$5000,"<>가을(러닝)",'생판재-러닝(ST)'!$D$4:$D$5000,"<>겨울(러닝)") -> 0 | CR55: =SUMIFS('생판재-러닝(ST)'!$BE$4:$BE$5000,'생판재-러닝(ST)'!$H$4:$H$5000,종합!$F55,'생판재-러닝(ST)'!$D$4:$D$5000,"<>가을(러닝)",'생판재-러닝(ST)'!$D$4:$D$5000,"<>겨울(러닝)") -> 0
